president,start_date,end_date,approve,disapprove
biden,2022-01-03,2022-01-16,0.4,0.56
biden,2021-12-01,2021-12-16,0.43,0.51
biden,2021-11-01,2021-11-16,0.42,0.55
biden,2021-10-01,2021-10-19,0.42,0.52
biden,2021-09-01,2021-09-17,0.43,0.55
biden,2021-08-02,2021-08-17,0.49,0.48
biden,2021-07-06,2021-07-21,0.5,0.45
biden,2021-06-01,2021-06-18,0.56,0.42
biden,2021-05-03,2021-05-18,0.54,0.4
biden,2021-04-01,2021-04-21,0.57,0.4
biden,2021-03-01,2021-03-15,0.54,0.42
biden,2021-02-03,2021-02-18,0.56,0.4
biden,2021-01-21,2021-02-02,0.57,0.37
trump,2021-01-04,2021-01-15,0.34,0.62
trump,2020-12-01,2020-12-17,0.39,0.57
trump,2020-11-05,2020-11-19,0.43,0.55
trump,2020-10-16,2020-10-27,0.46,0.52
trump,2020-09-30,2020-10-15,0.43,0.55
trump,2020-09-14,2020-09-28,0.46,0.52
trump,2020-08-31,2020-09-13,0.42,0.56
trump,2020-07-30,2020-08-12,0.42,0.55
trump,2020-07-01,2020-07-23,0.41,0.56
trump,2020-06-08,2020-06-30,0.38,0.57
trump,2020-05-28,2020-06-04,0.39,0.57
trump,2020-05-01,2020-05-13,0.49,0.48
trump,2020-04-14,2020-04-28,0.49,0.47
trump,2020-04-01,2020-04-14,0.43,0.54
trump,2020-03-13,2020-03-22,0.49,0.45
trump,2020-03-02,2020-03-13,0.44,0.52
trump,2020-02-17,2020-02-28,0.47,0.51
trump,2020-02-03,2020-02-16,0.49,0.48
trump,2020-01-16,2020-01-29,0.49,0.5
trump,2020-01-02,2020-01-15,0.44,0.53
trump,2019-12-02,2019-12-15,0.45,0.51
trump,2019-11-01,2019-11-14,0.43,0.54
trump,2019-10-14,2019-10-31,0.41,0.57
trump,2019-10-01,2019-10-13,0.39,0.57
trump,2019-09-16,2019-09-30,0.4,0.56
trump,2019-09-03,2019-09-15,0.43,0.54
trump,2019-08-15,2019-08-30,0.39,0.57
trump,2019-08-01,2019-08-14,0.41,0.54
trump,2019-07-15,2019-07-31,0.42,0.54
trump,2019-07-01,2019-07-12,0.44,0.51
trump,2019-06-19,2019-06-30,0.41,0.54
trump,2019-06-03,2019-06-16,0.43,0.55
trump,2019-05-15,2019-05-30,0.4,0.55
trump,2019-05-01,2019-05-12,0.42,0.52
trump,2019-04-17,2019-04-30,0.46,0.5
trump,2019-04-01,2019-04-09,0.45,0.51
trump,2019-03-01,2019-03-10,0.39,0.57
trump,2019-02-12,2019-02-28,0.43,0.54
trump,2019-02-01,2019-02-10,0.44,0.52
trump,2019-01-21,2019-01-27,0.37,0.59
trump,2019-01-02,2019-01-10,0.37,0.59
trump,2018-12-17,2018-12-22,0.39,0.55
trump,2018-12-10,2018-12-16,0.38,0.57
trump,2018-12-03,2018-12-09,0.4,0.56
trump,2018-11-26,2018-12-02,0.4,0.56
trump,2018-11-19,2018-11-25,0.38,0.6
trump,2018-11-12,2018-11-18,0.43,0.53
trump,2018-11-05,2018-11-11,0.38,0.56
trump,2018-10-29,2018-11-04,0.4,0.54
trump,2018-10-22,2018-10-28,0.4,0.54
trump,2018-10-15,2018-10-21,0.44,0.5
trump,2018-10-08,2018-10-14,0.44,0.51
trump,2018-10-01,2018-10-07,0.43,0.53
trump,2018-09-24,2018-09-30,0.42,0.53
trump,2018-09-17,2018-09-23,0.4,0.56
trump,2018-09-10,2018-09-16,0.38,0.56
trump,2018-09-03,2018-09-09,0.4,0.54
trump,2018-08-27,2018-09-02,0.41,0.53
trump,2018-08-20,2018-08-26,0.41,0.54
trump,2018-08-13,2018-08-19,0.42,0.52
trump,2018-08-06,2018-08-12,0.39,0.56
trump,2018-07-30,2018-08-05,0.41,0.54
trump,2018-07-23,2018-07-29,0.4,0.55
trump,2018-07-16,2018-07-22,0.42,0.54
trump,2018-07-09,2018-07-15,0.43,0.52
trump,2018-07-02,2018-07-08,0.41,0.56
trump,2018-06-25,2018-07-01,0.42,0.53
trump,2018-06-18,2018-06-24,0.41,0.55
trump,2018-06-11,2018-06-17,0.45,0.5
trump,2018-06-04,2018-06-10,0.42,0.54
trump,2018-05-28,2018-06-03,0.41,0.55
trump,2018-05-21,2018-05-27,0.4,0.55
trump,2018-05-14,2018-05-20,0.42,0.54
trump,2018-05-07,2018-05-13,0.43,0.52
trump,2018-04-30,2018-05-06,0.42,0.52
trump,2018-04-23,2018-04-29,0.42,0.53
trump,2018-04-16,2018-04-22,0.39,0.55
trump,2018-04-09,2018-04-15,0.39,0.55
trump,2018-04-02,2018-04-08,0.41,0.54
trump,2018-03-26,2018-04-01,0.39,0.56
trump,2018-03-19,2018-03-25,0.39,0.55
trump,2018-03-12,2018-03-18,0.4,0.56
trump,2018-03-05,2018-03-11,0.39,0.56
trump,2018-02-26,2018-03-04,0.39,0.55
trump,2018-02-19,2018-02-25,0.39,0.56
trump,2018-02-12,2018-02-18,0.37,0.59
trump,2018-02-05,2018-02-11,0.4,0.57
trump,2018-01-29,2018-02-04,0.4,0.57
trump,2018-01-21,2018-01-28,0.38,0.58
trump,2018-01-15,2018-01-21,0.36,0.59
trump,2018-01-08,2018-01-14,0.38,0.57
trump,2018-01-01,2018-01-07,0.37,0.58
trump,2017-12-25,2017-12-31,0.39,0.55
trump,2017-12-18,2017-12-24,0.37,0.57
trump,2017-12-11,2017-12-17,0.35,0.6
trump,2017-12-04,2017-12-10,0.36,0.59
trump,2017-11-27,2017-12-03,0.35,0.59
trump,2017-11-20,2017-11-26,0.37,0.56
trump,2017-11-13,2017-11-19,0.38,0.57
trump,2017-11-06,2017-11-12,0.38,0.56
trump,2017-10-30,2017-11-05,0.38,0.58
trump,2017-10-23,2017-10-29,0.35,0.6
trump,2017-10-16,2017-10-22,0.36,0.58
trump,2017-10-09,2017-10-15,0.37,0.57
trump,2017-10-02,2017-10-08,0.38,0.56
trump,2017-09-25,2017-10-01,0.37,0.58
trump,2017-09-18,2017-09-24,0.38,0.55
trump,2017-09-11,2017-09-17,0.38,0.57
trump,2017-09-04,2017-09-10,0.37,0.57
trump,2017-08-28,2017-09-03,0.36,0.59
trump,2017-08-21,2017-08-27,0.35,0.6
trump,2017-08-14,2017-08-20,0.37,0.58
trump,2017-08-07,2017-08-13,0.36,0.58
trump,2017-07-31,2017-08-06,0.37,0.58
trump,2017-07-24,2017-07-30,0.38,0.57
trump,2017-07-17,2017-07-23,0.37,0.58
trump,2017-07-10,2017-07-16,0.39,0.56
trump,2017-07-03,2017-07-09,0.38,0.57
trump,2017-06-26,2017-07-02,0.39,0.56
trump,2017-06-19,2017-06-25,0.39,0.56
trump,2017-06-12,2017-06-18,0.38,0.57
trump,2017-06-05,2017-06-11,0.37,0.58
trump,2017-05-29,2017-06-04,0.38,0.56
trump,2017-05-22,2017-05-28,0.41,0.54
trump,2017-05-15,2017-05-21,0.38,0.56
trump,2017-05-08,2017-05-14,0.38,0.56
trump,2017-05-01,2017-05-07,0.42,0.53
trump,2017-04-24,2017-04-30,0.41,0.54
trump,2017-04-17,2017-04-23,0.41,0.52
trump,2017-04-10,2017-04-16,0.4,0.54
trump,2017-04-03,2017-04-09,0.4,0.53
trump,2017-03-27,2017-04-02,0.38,0.57
trump,2017-03-20,2017-03-26,0.39,0.56
trump,2017-03-13,2017-03-19,0.4,0.55
trump,2017-03-06,2017-03-12,0.42,0.52
trump,2017-02-27,2017-03-05,0.43,0.51
trump,2017-02-20,2017-02-26,0.42,0.53
trump,2017-02-13,2017-02-19,0.4,0.54
trump,2017-02-06,2017-02-12,0.41,0.53
trump,2017-01-30,2017-02-05,0.43,0.52
trump,2017-01-20,2017-01-29,0.45,0.47
obama,2009-01-19,2009-01-25,0.67,0.13
obama,2009-01-26,2009-02-01,0.66,0.18
obama,2009-02-02,2009-02-08,0.65,0.21
obama,2009-02-09,2009-02-15,0.64,0.22
obama,2009-02-16,2009-02-22,0.62,0.25
obama,2009-02-23,2009-03-01,0.64,0.23
obama,2009-03-02,2009-03-08,0.62,0.27
obama,2009-03-09,2009-03-15,0.62,0.28
obama,2009-03-16,2009-03-22,0.63,0.26
obama,2009-03-23,2009-03-29,0.61,0.29
obama,2009-03-30,2009-04-05,0.62,0.28
obama,2009-04-06,2009-04-12,0.61,0.28
obama,2009-04-13,2009-04-19,0.62,0.29
obama,2009-04-20,2009-04-26,0.65,0.29
obama,2009-04-27,2009-05-03,0.65,0.29
obama,2009-05-04,2009-05-10,0.66,0.27
obama,2009-05-11,2009-05-17,0.64,0.29
obama,2009-05-18,2009-05-24,0.64,0.28
obama,2009-05-25,2009-05-31,0.63,0.3
obama,2009-06-01,2009-06-07,0.62,0.31
obama,2009-06-08,2009-06-14,0.61,0.31
obama,2009-06-15,2009-06-21,0.59,0.34
obama,2009-06-22,2009-06-28,0.6,0.33
obama,2009-06-29,2009-07-05,0.6,0.32
obama,2009-07-06,2009-07-12,0.58,0.34
obama,2009-07-13,2009-07-19,0.59,0.33
obama,2009-07-20,2009-07-26,0.56,0.38
obama,2009-07-27,2009-08-02,0.54,0.39
obama,2009-08-03,2009-08-09,0.56,0.37
obama,2009-08-10,2009-08-16,0.54,0.4
obama,2009-08-17,2009-08-23,0.52,0.41
obama,2009-08-24,2009-08-30,0.5,0.43
obama,2009-08-31,2009-09-06,0.53,0.4
obama,2009-09-07,2009-09-13,0.52,0.41
obama,2009-09-14,2009-09-20,0.52,0.41
obama,2009-09-21,2009-09-27,0.51,0.41
obama,2009-09-28,2009-10-04,0.52,0.4
obama,2009-10-05,2009-10-11,0.54,0.38
obama,2009-10-12,2009-10-18,0.52,0.41
obama,2009-10-19,2009-10-25,0.53,0.39
obama,2009-10-26,2009-11-01,0.53,0.41
obama,2009-11-02,2009-11-08,0.52,0.42
obama,2009-11-09,2009-11-15,0.53,0.39
obama,2009-11-16,2009-11-22,0.49,0.44
obama,2009-11-23,2009-11-29,0.5,0.42
obama,2009-11-30,2009-12-06,0.5,0.44
obama,2009-12-07,2009-12-13,0.49,0.42
obama,2009-12-14,2009-12-20,0.5,0.43
obama,2009-12-21,2009-12-27,0.51,0.43
obama,2009-12-28,2010-01-03,0.51,0.43
obama,2010-01-04,2010-01-10,0.51,0.43
obama,2010-01-11,2010-01-17,0.5,0.43
obama,2010-01-18,2010-01-24,0.49,0.46
obama,2010-01-25,2010-01-31,0.48,0.45
obama,2010-02-01,2010-02-07,0.5,0.43
obama,2010-02-08,2010-02-14,0.51,0.42
obama,2010-02-15,2010-02-21,0.49,0.43
obama,2010-02-22,2010-02-28,0.5,0.43
obama,2010-03-01,2010-03-07,0.49,0.44
obama,2010-03-08,2010-03-14,0.48,0.45
obama,2010-03-15,2010-03-21,0.48,0.45
obama,2010-03-22,2010-03-28,0.49,0.44
obama,2010-03-29,2010-04-04,0.49,0.44
obama,2010-04-05,2010-04-11,0.47,0.46
obama,2010-04-12,2010-04-18,0.48,0.45
obama,2010-04-19,2010-04-25,0.5,0.43
obama,2010-04-26,2010-05-02,0.48,0.45
obama,2010-05-03,2010-05-09,0.5,0.43
obama,2010-05-10,2010-05-16,0.49,0.43
obama,2010-05-17,2010-05-23,0.48,0.45
obama,2010-05-24,2010-05-30,0.46,0.46
obama,2010-05-31,2010-06-06,0.47,0.45
obama,2010-06-07,2010-06-13,0.46,0.46
obama,2010-06-14,2010-06-20,0.47,0.45
obama,2010-06-21,2010-06-27,0.45,0.46
obama,2010-06-28,2010-07-04,0.46,0.45
obama,2010-07-05,2010-07-11,0.46,0.47
obama,2010-07-12,2010-07-18,0.46,0.46
obama,2010-07-19,2010-07-25,0.45,0.47
obama,2010-07-26,2010-08-01,0.45,0.47
obama,2010-08-02,2010-08-08,0.45,0.48
obama,2010-08-09,2010-08-15,0.44,0.48
obama,2010-08-16,2010-08-22,0.43,0.5
obama,2010-08-23,2010-08-29,0.43,0.49
obama,2010-08-30,2010-09-05,0.45,0.47
obama,2010-09-06,2010-09-12,0.46,0.46
obama,2010-09-13,2010-09-19,0.46,0.47
obama,2010-09-20,2010-09-26,0.44,0.48
obama,2010-09-27,2010-10-03,0.46,0.47
obama,2010-10-04,2010-10-10,0.46,0.48
obama,2010-10-11,2010-10-17,0.45,0.47
obama,2010-10-18,2010-10-24,0.44,0.48
obama,2010-10-25,2010-10-31,0.45,0.48
obama,2010-11-01,2010-11-07,0.45,0.47
obama,2010-11-08,2010-11-14,0.44,0.48
obama,2010-11-15,2010-11-21,0.46,0.46
obama,2010-11-22,2010-11-28,0.45,0.47
obama,2010-11-29,2010-12-05,0.46,0.46
obama,2010-12-06,2010-12-12,0.45,0.48
obama,2010-12-13,2010-12-19,0.46,0.46
obama,2010-12-20,2010-12-26,0.47,0.46
obama,2010-12-27,2011-01-02,0.48,0.44
obama,2011-01-03,2011-01-09,0.48,0.45
obama,2011-01-10,2011-01-16,0.49,0.42
obama,2011-01-17,2011-01-23,0.5,0.42
obama,2011-01-24,2011-01-30,0.5,0.42
obama,2011-01-31,2011-02-06,0.47,0.45
obama,2011-02-07,2011-02-13,0.48,0.43
obama,2011-02-14,2011-02-20,0.48,0.43
obama,2011-02-21,2011-02-27,0.48,0.44
obama,2011-02-28,2011-03-06,0.46,0.46
obama,2011-03-07,2011-03-13,0.47,0.45
obama,2011-03-14,2011-03-20,0.48,0.44
obama,2011-03-21,2011-03-27,0.45,0.47
obama,2011-03-28,2011-04-03,0.48,0.44
obama,2011-04-04,2011-04-10,0.45,0.46
obama,2011-04-11,2011-04-17,0.43,0.48
obama,2011-04-18,2011-04-24,0.43,0.48
obama,2011-04-25,2011-05-01,0.44,0.47
obama,2011-05-02,2011-05-08,0.51,0.4
obama,2011-05-09,2011-05-15,0.49,0.43
obama,2011-05-16,2011-05-22,0.5,0.43
obama,2011-05-23,2011-05-29,0.49,0.43
obama,2011-05-30,2011-06-05,0.5,0.42
obama,2011-06-06,2011-06-12,0.46,0.44
obama,2011-06-13,2011-06-19,0.47,0.45
obama,2011-06-20,2011-06-26,0.43,0.49
obama,2011-06-27,2011-07-03,0.46,0.47
obama,2011-07-04,2011-07-10,0.46,0.45
obama,2011-07-11,2011-07-17,0.44,0.48
obama,2011-07-18,2011-07-24,0.43,0.48
obama,2011-07-25,2011-07-31,0.42,0.49
obama,2011-08-01,2011-08-07,0.42,0.5
obama,2011-08-08,2011-08-14,0.4,0.52
obama,2011-08-15,2011-08-21,0.4,0.53
obama,2011-08-22,2011-08-28,0.4,0.53
obama,2011-08-29,2011-09-04,0.42,0.51
obama,2011-09-05,2011-09-11,0.43,0.49
obama,2011-09-12,2011-09-18,0.4,0.52
obama,2011-09-19,2011-09-25,0.41,0.51
obama,2011-09-26,2011-10-02,0.41,0.5
obama,2011-10-03,2011-10-09,0.4,0.53
obama,2011-10-10,2011-10-16,0.41,0.52
obama,2011-10-17,2011-10-23,0.41,0.51
obama,2011-10-24,2011-10-30,0.43,0.49
obama,2011-10-31,2011-11-06,0.43,0.5
obama,2011-11-07,2011-11-13,0.43,0.48
obama,2011-11-14,2011-11-20,0.43,0.49
obama,2011-11-21,2011-11-27,0.43,0.49
obama,2011-11-28,2011-12-04,0.42,0.5
obama,2011-12-05,2011-12-11,0.43,0.5
obama,2011-12-12,2011-12-18,0.42,0.5
obama,2011-12-19,2011-12-25,0.45,0.47
obama,2011-12-26,2012-01-01,0.42,0.49
obama,2012-01-02,2012-01-08,0.46,0.47
obama,2012-01-09,2012-01-15,0.45,0.47
obama,2012-01-16,2012-01-22,0.45,0.46
obama,2012-01-23,2012-01-29,0.45,0.48
obama,2012-01-30,2012-02-05,0.46,0.47
obama,2012-02-06,2012-02-12,0.47,0.47
obama,2012-02-13,2012-02-19,0.45,0.47
obama,2012-02-20,2012-02-26,0.45,0.47
obama,2012-02-27,2012-03-04,0.45,0.48
obama,2012-03-05,2012-03-11,0.48,0.44
obama,2012-03-12,2012-03-18,0.46,0.47
obama,2012-03-19,2012-03-25,0.46,0.45
obama,2012-03-26,2012-04-01,0.46,0.45
obama,2012-04-02,2012-04-08,0.47,0.46
obama,2012-04-09,2012-04-15,0.47,0.46
obama,2012-04-16,2012-04-22,0.48,0.46
obama,2012-04-23,2012-04-29,0.48,0.46
obama,2012-04-30,2012-05-06,0.48,0.46
obama,2012-05-07,2012-05-13,0.47,0.47
obama,2012-05-14,2012-05-20,0.47,0.46
obama,2012-05-21,2012-05-27,0.48,0.46
obama,2012-05-28,2012-06-03,0.46,0.46
obama,2012-06-04,2012-06-10,0.47,0.46
obama,2012-06-11,2012-06-17,0.46,0.48
obama,2012-06-18,2012-06-24,0.46,0.48
obama,2012-06-25,2012-07-01,0.47,0.46
obama,2012-07-02,2012-07-08,0.45,0.46
obama,2012-07-09,2012-07-15,0.46,0.47
obama,2012-07-16,2012-07-22,0.45,0.48
obama,2012-07-23,2012-07-29,0.47,0.47
obama,2012-07-30,2012-08-05,0.45,0.48
obama,2012-08-06,2012-08-12,0.45,0.49
obama,2012-08-13,2012-08-19,0.45,0.49
obama,2012-08-20,2012-08-26,0.46,0.47
obama,2012-08-27,2012-09-02,0.44,0.47
obama,2012-09-03,2012-09-09,0.5,0.44
obama,2012-09-10,2012-09-16,0.5,0.44
obama,2012-09-17,2012-09-23,0.49,0.45
obama,2012-09-24,2012-09-30,0.48,0.45
obama,2012-10-01,2012-10-07,0.52,0.43
obama,2012-10-08,2012-10-14,0.5,0.45
obama,2012-10-15,2012-10-21,0.5,0.45
obama,2012-10-22,2012-10-28,0.5,0.45
obama,2012-10-29,2012-11-04,0.52,0.45
obama,2012-11-05,2012-11-11,0.51,0.43
obama,2012-11-12,2012-11-18,0.53,0.41
obama,2012-11-19,2012-11-25,0.52,0.4
obama,2012-11-26,2012-12-02,0.51,0.42
obama,2012-12-03,2012-12-09,0.5,0.44
obama,2012-12-10,2012-12-16,0.52,0.4
obama,2012-12-17,2012-12-23,0.57,0.37
obama,2012-12-24,2012-12-30,0.53,0.41
obama,2012-12-31,2013-01-06,0.53,0.4
obama,2013-01-07,2013-01-13,0.54,0.41
obama,2013-01-14,2013-01-20,0.5,0.43
obama,2013-01-21,2013-01-27,0.52,0.43
obama,2013-01-28,2013-02-03,0.53,0.42
obama,2013-02-04,2013-02-10,0.52,0.42
obama,2013-02-11,2013-02-17,0.51,0.43
obama,2013-02-18,2013-02-24,0.51,0.42
obama,2013-02-25,2013-03-03,0.49,0.44
obama,2013-03-04,2013-03-10,0.49,0.44
obama,2013-03-11,2013-03-17,0.48,0.46
obama,2013-03-18,2013-03-24,0.47,0.45
obama,2013-03-25,2013-03-30,0.48,0.45
obama,2013-04-01,2013-04-07,0.48,0.45
obama,2013-04-08,2013-04-14,0.49,0.45
obama,2013-04-15,2013-04-21,0.5,0.43
obama,2013-04-22,2013-04-28,0.51,0.42
obama,2013-04-29,2013-05-05,0.5,0.44
obama,2013-05-06,2013-05-12,0.49,0.44
obama,2013-05-13,2013-05-19,0.49,0.44
obama,2013-05-20,2013-05-26,0.49,0.44
obama,2013-05-27,2013-06-02,0.48,0.44
obama,2013-06-03,2013-06-09,0.48,0.45
obama,2013-06-10,2013-06-16,0.47,0.46
obama,2013-06-17,2013-06-23,0.46,0.46
obama,2013-06-24,2013-06-30,0.47,0.45
obama,2013-07-01,2013-07-07,0.46,0.46
obama,2013-07-08,2013-07-14,0.46,0.47
obama,2013-07-15,2013-07-21,0.47,0.46
obama,2013-07-22,2013-07-28,0.46,0.47
obama,2013-07-29,2013-08-04,0.45,0.48
obama,2013-08-05,2013-08-11,0.44,0.48
obama,2013-08-12,2013-08-18,0.46,0.45
obama,2013-08-19,2013-08-25,0.46,0.46
obama,2013-08-26,2013-09-01,0.44,0.48
obama,2013-09-02,2013-09-08,0.44,0.48
obama,2013-09-09,2013-09-15,0.45,0.46
obama,2013-09-16,2013-09-22,0.44,0.47
obama,2013-09-23,2013-09-29,0.45,0.48
obama,2013-09-30,2013-10-06,0.44,0.5
obama,2013-10-07,2013-10-13,0.42,0.52
obama,2013-10-14,2013-10-20,0.43,0.51
obama,2013-10-21,2013-10-27,0.43,0.5
obama,2013-10-28,2013-11-03,0.41,0.52
obama,2013-11-04,2013-11-10,0.41,0.52
obama,2013-11-11,2013-11-17,0.41,0.52
obama,2013-11-18,2013-11-24,0.4,0.53
obama,2013-11-25,2013-12-01,0.42,0.52
obama,2013-12-02,2013-12-08,0.41,0.51
obama,2013-12-09,2013-12-15,0.42,0.5
obama,2013-12-16,2013-12-22,0.4,0.52
obama,2013-12-23,2013-12-29,0.43,0.51
obama,2014-01-02,2014-01-05,0.41,0.53
obama,2014-01-06,2014-01-12,0.41,0.51
obama,2014-01-13,2014-01-19,0.4,0.52
obama,2014-01-20,2014-01-26,0.42,0.5
obama,2014-01-27,2014-02-02,0.42,0.5
obama,2014-02-03,2014-02-09,0.41,0.51
obama,2014-02-10,2014-02-16,0.4,0.53
obama,2014-02-17,2014-02-23,0.45,0.51
obama,2014-02-24,2014-03-02,0.42,0.54
obama,2014-03-03,2014-03-09,0.43,0.53
obama,2014-03-10,2014-03-16,0.4,0.54
obama,2014-03-17,2014-03-23,0.44,0.51
obama,2014-03-24,2014-03-30,0.43,0.52
obama,2014-03-31,2014-04-06,0.44,0.51
obama,2014-04-07,2014-04-13,0.43,0.51
obama,2014-04-14,2014-04-20,0.44,0.5
obama,2014-04-21,2014-04-27,0.44,0.5
obama,2014-04-28,2014-05-04,0.44,0.5
obama,2014-05-05,2014-05-11,0.45,0.5
obama,2014-05-12,2014-05-18,0.44,0.51
obama,2014-05-19,2014-05-25,0.43,0.52
obama,2014-05-26,2014-06-01,0.44,0.51
obama,2014-06-02,2014-06-08,0.44,0.5
obama,2014-06-09,2014-06-15,0.42,0.52
obama,2014-06-16,2014-06-22,0.41,0.55
obama,2014-06-23,2014-06-29,0.42,0.52
obama,2014-06-30,2014-07-06,0.43,0.52
obama,2014-07-07,2014-07-13,0.42,0.53
obama,2014-07-14,2014-07-20,0.43,0.51
obama,2014-07-21,2014-07-27,0.41,0.53
obama,2014-07-28,2014-08-03,0.42,0.54
obama,2014-08-04,2014-08-10,0.42,0.53
obama,2014-08-11,2014-08-17,0.41,0.53
obama,2014-08-18,2014-08-24,0.43,0.51
obama,2014-08-25,2014-08-31,0.41,0.53
obama,2014-09-01,2014-09-07,0.4,0.53
obama,2014-09-08,2014-09-14,0.41,0.54
obama,2014-09-15,2014-09-21,0.43,0.52
obama,2014-09-22,2014-09-28,0.42,0.52
obama,2014-09-29,2014-10-05,0.43,0.53
obama,2014-10-06,2014-10-12,0.41,0.55
obama,2014-10-13,2014-10-19,0.41,0.54
obama,2014-10-20,2014-10-26,0.42,0.53
obama,2014-10-27,2014-11-02,0.42,0.53
obama,2014-11-03,2014-11-09,0.4,0.54
obama,2014-11-10,2014-11-16,0.42,0.52
obama,2014-11-17,2014-11-23,0.42,0.53
obama,2014-11-24,2014-11-30,0.43,0.52
obama,2014-12-01,2014-12-07,0.43,0.52
obama,2014-12-08,2014-12-14,0.43,0.52
obama,2014-12-15,2014-12-21,0.45,0.51
obama,2014-12-22,2014-12-28,0.44,0.5
obama,2014-12-29,2015-01-04,0.46,0.48
obama,2015-01-05,2015-01-11,0.46,0.48
obama,2015-01-12,2015-01-18,0.46,0.49
obama,2015-01-19,2015-01-25,0.49,0.47
obama,2015-01-26,2015-02-01,0.47,0.48
obama,2015-02-02,2015-02-08,0.46,0.49
obama,2015-02-09,2015-02-15,0.47,0.48
obama,2015-02-16,2015-02-22,0.46,0.49
obama,2015-02-23,2015-03-01,0.45,0.5
obama,2015-03-02,2015-03-08,0.46,0.49
obama,2015-03-09,2015-03-15,0.47,0.48
obama,2015-03-16,2015-03-22,0.45,0.5
obama,2015-03-23,2015-03-29,0.46,0.49
obama,2015-03-30,2015-04-05,0.47,0.48
obama,2015-04-06,2015-04-12,0.48,0.48
obama,2015-04-13,2015-04-19,0.46,0.5
obama,2015-04-20,2015-04-26,0.45,0.49
obama,2015-04-27,2015-05-03,0.48,0.48
obama,2015-05-04,2015-05-10,0.47,0.48
obama,2015-05-11,2015-05-17,0.47,0.49
obama,2015-05-18,2015-05-24,0.46,0.49
obama,2015-05-25,2015-05-31,0.47,0.49
obama,2015-06-01,2015-06-07,0.46,0.49
obama,2015-06-08,2015-06-14,0.45,0.49
obama,2015-06-15,2015-06-21,0.45,0.5
obama,2015-06-22,2015-06-28,0.47,0.49
obama,2015-06-29,2015-07-05,0.46,0.49
obama,2015-07-06,2015-07-12,0.46,0.49
obama,2015-07-13,2015-07-19,0.46,0.48
obama,2015-07-20,2015-07-26,0.46,0.5
obama,2015-07-27,2015-08-02,0.46,0.49
obama,2015-08-03,2015-08-09,0.46,0.5
obama,2015-08-10,2015-08-16,0.46,0.49
obama,2015-08-17,2015-08-23,0.44,0.51
obama,2015-08-24,2015-08-30,0.46,0.5
obama,2015-08-31,2015-09-06,0.46,0.5
obama,2015-09-07,2015-09-13,0.46,0.49
obama,2015-09-14,2015-09-20,0.46,0.51
obama,2015-09-21,2015-09-27,0.48,0.49
obama,2015-09-28,2015-10-04,0.47,0.49
obama,2015-10-05,2015-10-11,0.46,0.5
obama,2015-10-12,2015-10-18,0.46,0.5
obama,2015-10-19,2015-10-25,0.46,0.5
obama,2015-10-26,2015-11-01,0.47,0.49
obama,2015-11-02,2015-11-08,0.49,0.48
obama,2015-11-09,2015-11-15,0.49,0.47
obama,2015-11-16,2015-11-22,0.44,0.52
obama,2015-11-23,2015-11-29,0.46,0.49
obama,2015-11-30,2015-12-06,0.47,0.49
obama,2015-12-07,2015-12-13,0.45,0.5
obama,2015-12-14,2015-12-20,0.45,0.51
obama,2015-12-21,2015-12-27,0.48,0.49
obama,2015-12-28,2016-01-03,0.45,0.52
obama,2016-01-04,2016-01-10,0.47,0.49
obama,2016-01-11,2016-01-17,0.48,0.47
obama,2016-01-18,2016-01-24,0.48,0.47
obama,2016-01-25,2016-01-31,0.48,0.48
obama,2016-02-01,2016-02-07,0.47,0.5
obama,2016-02-08,2016-02-14,0.48,0.48
obama,2016-02-15,2016-02-21,0.48,0.48
obama,2016-02-22,2016-02-28,0.48,0.47
obama,2016-02-29,2016-03-06,0.5,0.46
obama,2016-03-07,2016-03-13,0.51,0.45
obama,2016-03-14,2016-03-20,0.5,0.46
obama,2016-03-21,2016-03-27,0.53,0.44
obama,2016-03-28,2016-04-03,0.51,0.45
obama,2016-04-04,2016-04-10,0.51,0.45
obama,2016-04-11,2016-04-17,0.48,0.47
obama,2016-04-18,2016-04-24,0.51,0.45
obama,2016-04-25,2016-05-01,0.51,0.46
obama,2016-05-02,2016-05-08,0.52,0.44
obama,2016-05-09,2016-05-15,0.51,0.45
obama,2016-05-16,2016-05-22,0.51,0.45
obama,2016-05-23,2016-05-29,0.52,0.44
obama,2016-05-30,2016-06-05,0.51,0.44
obama,2016-06-06,2016-06-12,0.53,0.43
obama,2016-06-13,2016-06-19,0.53,0.44
obama,2016-06-20,2016-06-26,0.5,0.46
obama,2016-06-27,2016-07-03,0.51,0.45
obama,2016-07-04,2016-07-10,0.51,0.45
obama,2016-07-11,2016-07-17,0.49,0.46
obama,2016-07-18,2016-07-24,0.49,0.47
obama,2016-07-25,2016-07-31,0.53,0.44
obama,2016-08-01,2016-08-07,0.52,0.45
obama,2016-08-08,2016-08-14,0.52,0.44
obama,2016-08-15,2016-08-21,0.51,0.44
obama,2016-08-22,2016-08-28,0.51,0.45
obama,2016-08-29,2016-09-04,0.52,0.44
obama,2016-09-05,2016-09-11,0.51,0.45
obama,2016-09-12,2016-09-18,0.52,0.44
obama,2016-09-19,2016-09-25,0.53,0.43
obama,2016-09-26,2016-10-02,0.53,0.44
obama,2016-10-03,2016-10-09,0.52,0.45
obama,2016-10-10,2016-10-16,0.54,0.43
obama,2016-10-17,2016-10-23,0.55,0.42
obama,2016-10-24,2016-10-30,0.54,0.44
obama,2016-10-31,2016-11-06,0.53,0.45
obama,2016-11-07,2016-11-13,0.57,0.41
obama,2016-11-14,2016-11-20,0.56,0.41
obama,2016-11-21,2016-11-27,0.56,0.4
obama,2016-11-28,2016-12-04,0.54,0.43
obama,2016-12-05,2016-12-11,0.57,0.4
obama,2016-12-12,2016-12-18,0.56,0.4
obama,2016-12-19,2016-12-25,0.56,0.4
obama,2016-12-26,2017-01-01,0.55,0.4
obama,2017-01-02,2017-01-08,0.55,0.42
obama,2017-01-09,2017-01-15,0.57,0.39
obama,2017-01-16,2017-01-19,0.59,0.37
bush,2009-01-09,2009-01-11,0.34,0.61
bush,2008-12-12,2008-12-14,0.29,0.67
bush,2008-12-04,2008-12-07,0.32,0.61
bush,2008-11-13,2008-11-16,0.29,0.66
bush,2008-11-07,2008-11-09,0.28,0.68
bush,2008-10-31,2008-11-02,0.25,0.7
bush,2008-10-23,2008-10-26,0.31,0.66
bush,2008-10-10,2008-10-12,0.25,0.71
bush,2008-10-03,2008-10-05,0.25,0.7
bush,2008-09-26,2008-09-27,0.27,0.69
bush,2008-09-08,2008-09-11,0.31,0.65
bush,2008-09-05,2008-09-07,0.33,0.64
bush,2008-08-21,2008-08-23,0.29,0.66
bush,2008-08-07,2008-08-10,0.33,0.61
bush,2008-07-25,2008-07-27,0.32,0.65
bush,2008-07-10,2008-07-13,0.31,0.61
bush,2008-06-15,2008-06-19,0.28,0.68
bush,2008-06-09,2008-06-12,0.3,0.64
bush,2008-05-30,2008-06-01,0.28,0.68
bush,2008-05-08,2008-05-11,0.29,0.65
bush,2008-05-01,2008-05-03,0.28,0.67
bush,2008-04-18,2008-04-20,0.28,0.69
bush,2008-04-06,2008-04-09,0.28,0.67
bush,2008-03-14,2008-03-16,0.32,0.64
bush,2008-03-06,2008-03-09,0.32,0.64
bush,2008-02-21,2008-02-24,0.32,0.62
bush,2008-02-11,2008-02-14,0.31,0.65
bush,2008-02-08,2008-02-10,0.33,0.61
bush,2008-01-30,2008-02-02,0.34,0.61
bush,2008-01-10,2008-01-13,0.34,0.6
bush,2008-01-04,2008-01-06,0.32,0.64
bush,2007-12-14,2007-12-16,0.32,0.65
bush,2007-12-06,2007-12-09,0.37,0.57
bush,2007-11-30,2007-12-02,0.34,0.62
bush,2007-11-11,2007-11-14,0.32,0.61
bush,2007-11-02,2007-11-04,0.31,0.64
bush,2007-10-12,2007-10-14,0.32,0.64
bush,2007-10-04,2007-10-07,0.32,0.64
bush,2007-09-14,2007-09-16,0.36,0.62
bush,2007-09-07,2007-09-08,0.33,0.62
bush,2007-08-13,2007-08-16,0.32,0.63
bush,2007-08-03,2007-08-05,0.34,0.62
bush,2007-07-12,2007-07-15,0.31,0.63
bush,2007-07-06,2007-07-08,0.29,0.66
bush,2007-06-11,2007-06-14,0.32,0.65
bush,2007-06-01,2007-06-03,0.32,0.62
bush,2007-05-10,2007-05-13,0.33,0.62
bush,2007-05-04,2007-05-06,0.34,0.63
bush,2007-04-13,2007-04-15,0.36,0.6
bush,2007-04-02,2007-04-05,0.38,0.58
bush,2007-03-23,2007-03-25,0.34,0.62
bush,2007-03-11,2007-03-14,0.35,0.61
bush,2007-03-02,2007-03-04,0.33,0.63
bush,2007-02-09,2007-02-11,0.37,0.59
bush,2007-02-01,2007-02-04,0.32,0.65
bush,2007-01-15,2007-01-18,0.36,0.61
bush,2007-01-12,2007-01-14,0.34,0.63
bush,2007-01-05,2007-01-07,0.37,0.59
bush,2006-12-11,2006-12-14,0.35,0.61
bush,2006-12-08,2006-12-10,0.38,0.59
bush,2006-11-09,2006-11-12,0.37,0.62
bush,2006-11-02,2006-11-05,0.38,0.56
bush,2006-10-20,2006-10-22,0.37,0.58
bush,2006-10-09,2006-10-12,0.37,0.57
bush,2006-10-06,2006-10-08,0.37,0.59
bush,2006-09-15,2006-09-17,0.44,0.51
bush,2006-09-07,2006-09-10,0.39,0.56
bush,2006-08-18,2006-08-20,0.42,0.54
bush,2006-08-07,2006-08-10,0.37,0.59
bush,2006-07-28,2006-07-30,0.4,0.56
bush,2006-07-21,2006-07-23,0.37,0.59
bush,2006-07-06,2006-07-09,0.4,0.55
bush,2006-06-23,2006-06-25,0.37,0.6
bush,2006-06-09,2006-06-11,0.38,0.56
bush,2006-06-01,2006-06-04,0.36,0.57
bush,2006-05-08,2006-05-11,0.33,0.61
bush,2006-05-05,2006-05-07,0.31,0.61
bush,2006-04-28,2006-04-30,0.34,0.65
bush,2006-04-10,2006-04-13,0.36,0.63
bush,2006-04-07,2006-04-09,0.37,0.6
bush,2006-03-13,2006-03-16,0.37,0.59
bush,2006-03-10,2006-03-12,0.36,0.6
bush,2006-02-28,2006-03-01,0.38,0.6
bush,2006-02-09,2006-02-12,0.39,0.56
bush,2006-02-06,2006-02-09,0.42,0.55
bush,2006-01-20,2006-01-22,0.43,0.54
bush,2006-01-09,2006-01-12,0.43,0.53
bush,2006-01-06,2006-01-08,0.43,0.54
bush,2005-12-19,2005-12-22,0.43,0.53
bush,2005-12-16,2005-12-18,0.41,0.56
bush,2005-12-09,2005-12-11,0.42,0.55
bush,2005-12-05,2005-12-08,0.43,0.52
bush,2005-11-17,2005-11-20,0.38,0.57
bush,2005-11-11,2005-11-13,0.37,0.6
bush,2005-11-07,2005-11-10,0.4,0.55
bush,2005-10-28,2005-10-30,0.41,0.56
bush,2005-10-21,2005-10-23,0.42,0.55
bush,2005-10-13,2005-10-16,0.39,0.58
bush,2005-09-26,2005-09-28,0.44,0.5
bush,2005-09-16,2005-09-18,0.4,0.58
bush,2005-09-12,2005-09-15,0.45,0.52
bush,2005-09-08,2005-09-11,0.46,0.51
bush,2005-08-28,2005-08-30,0.45,0.52
bush,2005-08-22,2005-08-25,0.4,0.58
bush,2005-08-08,2005-08-11,0.45,0.51
bush,2005-08-05,2005-08-07,0.45,0.51
bush,2005-07-25,2005-07-28,0.44,0.51
bush,2005-07-22,2005-07-24,0.49,0.48
bush,2005-07-07,2005-07-10,0.49,0.48
bush,2005-06-29,2005-06-30,0.46,0.51
bush,2005-06-24,2005-06-26,0.45,0.53
bush,2005-06-16,2005-06-19,0.47,0.51
bush,2005-06-06,2005-06-08,0.47,0.49
bush,2005-05-23,2005-05-26,0.48,0.47
bush,2005-05-20,2005-05-22,0.46,0.5
bush,2005-05-02,2005-05-05,0.5,0.45
bush,2005-04-29,2005-05-01,0.48,0.49
bush,2005-04-18,2005-04-21,0.48,0.49
bush,2005-04-04,2005-04-07,0.5,0.45
bush,2005-04-01,2005-04-02,0.48,0.48
bush,2005-03-21,2005-03-23,0.45,0.49
bush,2005-03-18,2005-03-20,0.52,0.44
bush,2005-03-07,2005-03-10,0.52,0.44
bush,2005-02-25,2005-02-27,0.52,0.45
bush,2005-02-21,2005-02-24,0.51,0.45
bush,2005-02-07,2005-02-10,0.49,0.48
bush,2005-02-04,2005-02-06,0.57,0.4
bush,2005-01-14,2005-01-16,0.51,0.46
bush,2005-01-07,2005-01-09,0.52,0.44
bush,2005-01-03,2005-01-05,0.52,0.44
bush,2004-12-17,2004-12-19,0.49,0.46
bush,2004-12-05,2004-12-08,0.53,0.44
bush,2004-11-19,2004-11-21,0.55,0.42
bush,2004-11-07,2004-11-10,0.53,0.44
bush,2004-10-29,2004-10-31,0.48,0.47
bush,2004-10-22,2004-10-24,0.51,0.46
bush,2004-10-14,2004-10-16,0.51,0.47
bush,2004-10-11,2004-10-14,0.48,0.49
bush,2004-10-09,2004-10-10,0.47,0.49
bush,2004-10-01,2004-10-03,0.5,0.48
bush,2004-09-24,2004-09-26,0.54,0.44
bush,2004-09-13,2004-09-15,0.52,0.45
bush,2004-09-03,2004-09-05,0.52,0.46
bush,2004-08-23,2004-08-25,0.49,0.47
bush,2004-08-09,2004-08-11,0.51,0.46
bush,2004-07-30,2004-08-01,0.48,0.49
bush,2004-07-19,2004-07-21,0.49,0.47
bush,2004-07-08,2004-07-11,0.47,0.49
bush,2004-06-21,2004-06-23,0.48,0.49
bush,2004-06-03,2004-06-06,0.49,0.49
bush,2004-05-21,2004-05-23,0.47,0.49
bush,2004-05-07,2004-05-09,0.46,0.51
bush,2004-05-02,2004-05-04,0.49,0.48
bush,2004-04-16,2004-04-18,0.52,0.45
bush,2004-04-05,2004-04-08,0.52,0.45
bush,2004-03-26,2004-03-28,0.53,0.44
bush,2004-03-08,2004-03-11,0.5,0.47
bush,2004-03-05,2004-03-07,0.49,0.48
bush,2004-02-16,2004-02-17,0.51,0.46
bush,2004-02-09,2004-02-12,0.51,0.46
bush,2004-02-06,2004-02-08,0.52,0.44
bush,2004-01-29,2004-02-01,0.49,0.48
bush,2004-01-12,2004-01-15,0.53,0.44
bush,2004-01-09,2004-01-11,0.59,0.38
bush,2004-01-02,2004-01-05,0.6,0.35
bush,2003-12-15,2003-12-16,0.63,0.34
bush,2003-12-11,2003-12-14,0.56,0.41
bush,2003-12-05,2003-12-07,0.55,0.43
bush,2003-11-14,2003-11-16,0.5,0.47
bush,2003-11-10,2003-11-12,0.51,0.45
bush,2003-11-03,2003-11-05,0.54,0.43
bush,2003-10-24,2003-10-26,0.53,0.42
bush,2003-10-10,2003-10-12,0.56,0.4
bush,2003-10-06,2003-10-08,0.55,0.42
bush,2003-09-19,2003-09-21,0.5,0.47
bush,2003-09-08,2003-09-10,0.52,0.43
bush,2003-08-25,2003-08-26,0.59,0.37
bush,2003-08-04,2003-08-06,0.6,0.36
bush,2003-07-25,2003-07-27,0.58,0.38
bush,2003-07-18,2003-07-20,0.59,0.38
bush,2003-07-07,2003-07-09,0.62,0.34
bush,2003-06-27,2003-06-29,0.61,0.36
bush,2003-06-12,2003-06-15,0.63,0.33
bush,2003-06-09,2003-06-10,0.62,0.34
bush,2003-05-30,2003-06-01,0.64,0.32
bush,2003-05-19,2003-05-21,0.66,0.3
bush,2003-05-05,2003-05-07,0.69,0.28
bush,2003-04-22,2003-04-23,0.7,0.26
bush,2003-04-14,2003-04-16,0.71,0.24
bush,2003-04-07,2003-04-09,0.69,0.26
bush,2003-04-05,2003-04-06,0.7,0.27
bush,2003-03-29,2003-03-30,0.71,0.26
bush,2003-03-24,2003-03-25,0.69,0.27
bush,2003-03-22,2003-03-23,0.71,0.25
bush,2003-03-14,2003-03-15,0.58,0.38
bush,2003-03-03,2003-03-05,0.57,0.37
bush,2003-02-24,2003-02-26,0.57,0.37
bush,2003-02-17,2003-02-19,0.58,0.37
bush,2003-02-07,2003-02-09,0.61,0.34
bush,2003-02-03,2003-02-06,0.59,0.35
bush,2003-01-31,2003-02-02,0.61,0.35
bush,2003-01-23,2003-01-25,0.6,0.36
bush,2003-01-20,2003-01-22,0.58,0.36
bush,2003-01-13,2003-01-16,0.61,0.34
bush,2003-01-10,2003-01-12,0.58,0.37
bush,2003-01-03,2003-01-05,0.63,0.32
bush,2002-12-19,2002-12-22,0.61,0.32
bush,2002-12-16,2002-12-17,0.63,0.33
bush,2002-12-09,2002-12-10,0.63,0.32
bush,2002-12-05,2002-12-08,0.64,0.29
bush,2002-11-22,2002-11-24,0.65,0.28
bush,2002-11-11,2002-11-14,0.66,0.26
bush,2002-11-08,2002-11-10,0.68,0.27
bush,2002-10-31,2002-11-03,0.63,0.29
bush,2002-10-21,2002-10-22,0.67,0.28
bush,2002-10-14,2002-10-17,0.62,0.31
bush,2002-10-03,2002-10-06,0.67,0.28
bush,2002-09-23,2002-09-26,0.68,0.26
bush,2002-09-20,2002-09-22,0.66,0.3
bush,2002-09-13,2002-09-16,0.7,0.26
bush,2002-09-05,2002-09-08,0.66,0.3
bush,2002-09-02,2002-09-04,0.66,0.29
bush,2002-08-19,2002-08-21,0.65,0.28
bush,2002-08-05,2002-08-08,0.68,0.26
bush,2002-07-29,2002-07-31,0.71,0.23
bush,2002-07-26,2002-07-28,0.69,0.26
bush,2002-07-22,2002-07-24,0.69,0.24
bush,2002-07-09,2002-07-11,0.73,0.21
bush,2002-07-05,2002-07-08,0.76,0.18
bush,2002-06-28,2002-06-30,0.76,0.19
bush,2002-06-21,2002-06-23,0.73,0.21
bush,2002-06-17,2002-06-19,0.74,0.2
bush,2002-06-07,2002-06-08,0.74,0.18
bush,2002-06-03,2002-06-06,0.7,0.23
bush,2002-05-28,2002-05-29,0.77,0.17
bush,2002-05-20,2002-05-22,0.76,0.17
bush,2002-05-06,2002-05-09,0.76,0.19
bush,2002-04-29,2002-05-01,0.77,0.2
bush,2002-04-22,2002-04-24,0.77,0.17
bush,2002-04-08,2002-04-11,0.75,0.2
bush,2002-04-05,2002-04-07,0.76,0.19
bush,2002-03-22,2002-03-24,0.79,0.17
bush,2002-03-18,2002-03-20,0.79,0.16
bush,2002-03-08,2002-03-09,0.8,0.14
bush,2002-03-04,2002-03-07,0.77,0.18
bush,2002-03-01,2002-03-03,0.81,0.14
bush,2002-02-08,2002-02-10,0.82,0.14
bush,2002-02-04,2002-02-06,0.82,0.14
bush,2002-01-25,2002-01-27,0.84,0.13
bush,2002-01-11,2002-01-14,0.83,0.13
bush,2002-01-07,2002-01-09,0.84,0.12
bush,2001-12-14,2001-12-16,0.86,0.11
bush,2001-12-06,2001-12-09,0.86,0.1
bush,2001-11-26,2001-11-27,0.87,0.08
bush,2001-11-08,2001-11-11,0.87,0.09
bush,2001-11-02,2001-11-04,0.87,0.09
bush,2001-10-19,2001-10-21,0.88,0.09
bush,2001-10-11,2001-10-14,0.89,0.08
bush,2001-10-05,2001-10-06,0.87,0.1
bush,2001-09-21,2001-09-22,0.9,0.06
bush,2001-09-14,2001-09-15,0.86,0.1
bush,2001-09-07,2001-09-10,0.51,0.39
bush,2001-08-24,2001-08-26,0.55,0.36
bush,2001-08-16,2001-08-19,0.57,0.34
bush,2001-08-10,2001-08-12,0.57,0.35
bush,2001-08-03,2001-08-05,0.55,0.35
bush,2001-07-19,2001-07-22,0.56,0.33
bush,2001-07-10,2001-07-11,0.57,0.35
bush,2001-06-28,2001-07-01,0.52,0.34
bush,2001-06-11,2001-06-17,0.55,0.33
bush,2001-06-08,2001-06-10,0.55,0.35
bush,2001-05-18,2001-05-20,0.56,0.36
bush,2001-05-10,2001-05-14,0.56,0.31
bush,2001-05-07,2001-05-09,0.53,0.33
bush,2001-04-20,2001-04-22,0.62,0.29
bush,2001-04-06,2001-04-08,0.59,0.3
bush,2001-03-26,2001-03-28,0.53,0.29
bush,2001-03-09,2001-03-11,0.58,0.29
bush,2001-03-05,2001-03-07,0.63,0.22
bush,2001-02-19,2001-02-21,0.62,0.21
bush,2001-02-09,2001-02-11,0.57,0.25
bush,2001-02-01,2001-02-04,0.57,0.25
clinton,2001-01-10,2001-01-14,0.66,0.29
clinton,2001-01-05,2001-01-07,0.65,0.31
clinton,2000-12-15,2000-12-17,0.66,0.32
clinton,2000-12-02,2000-12-04,0.6,0.35
clinton,2000-11-13,2000-11-15,0.63,0.33
clinton,2000-10-25,2000-10-28,0.57,0.38
clinton,2000-10-06,2000-10-09,0.58,0.37
clinton,2000-09-11,2000-09-13,0.6,0.34
clinton,2000-08-29,2000-09-03,0.62,0.35
clinton,2000-08-18,2000-08-19,0.62,0.35
clinton,2000-08-11,2000-08-12,0.58,0.39
clinton,2000-08-04,2000-08-05,0.57,0.4
clinton,2000-07-25,2000-07-26,0.57,0.39
clinton,2000-07-14,2000-07-16,0.59,0.37
clinton,2000-07-06,2000-07-09,0.59,0.36
clinton,2000-06-22,2000-06-25,0.55,0.4
clinton,2000-06-06,2000-06-07,0.6,0.36
clinton,2000-05-18,2000-05-21,0.57,0.37
clinton,2000-05-04,2000-05-07,0.57,0.36
clinton,2000-04-28,2000-04-30,0.59,0.39
clinton,2000-03-30,2000-04-02,0.62,0.34
clinton,2000-03-17,2000-03-19,0.56,0.39
clinton,2000-03-10,2000-03-12,0.63,0.34
clinton,2000-02-25,2000-02-27,0.57,0.39
clinton,2000-02-14,2000-02-15,0.62,0.34
clinton,2000-02-04,2000-02-06,0.63,0.33
clinton,2000-01-25,2000-01-26,0.64,0.32
clinton,2000-01-17,2000-01-20,0.62,0.35
clinton,2000-01-13,2000-01-16,0.59,0.37
clinton,2000-01-07,2000-01-10,0.63,0.35
clinton,1999-12-20,1999-12-21,0.57,0.36
clinton,1999-12-09,1999-12-12,0.56,0.41
clinton,1999-11-18,1999-11-21,0.59,0.36
clinton,1999-11-04,1999-11-07,0.58,0.38
clinton,1999-10-21,1999-10-24,0.59,0.36
clinton,1999-10-08,1999-10-10,0.56,0.39
clinton,1999-09-23,1999-09-26,0.59,0.38
clinton,1999-09-10,1999-09-14,0.6,0.38
clinton,1999-08-24,1999-08-26,0.6,0.35
clinton,1999-08-16,1999-08-18,0.59,0.36
clinton,1999-08-03,1999-08-04,0.6,0.35
clinton,1999-07-22,1999-07-25,0.64,0.31
clinton,1999-07-16,1999-07-18,0.58,0.38
clinton,1999-07-13,1999-07-14,0.59,0.37
clinton,1999-06-25,1999-06-27,0.57,0.41
clinton,1999-06-11,1999-06-13,0.6,0.37
clinton,1999-06-04,1999-06-05,0.6,0.35
clinton,1999-05-23,1999-05-24,0.53,0.42
clinton,1999-05-07,1999-05-09,0.6,0.35
clinton,1999-04-30,1999-05-02,0.6,0.36
clinton,1999-04-26,1999-04-27,0.6,0.35
clinton,1999-04-13,1999-04-14,0.6,0.36
clinton,1999-04-06,1999-04-07,0.59,0.35
clinton,1999-03-30,1999-03-31,0.64,0.32
clinton,1999-03-19,1999-03-21,0.64,0.33
clinton,1999-03-12,1999-03-14,0.62,0.35
clinton,1999-03-05,1999-03-07,0.68,0.28
clinton,1999-02-26,1999-02-28,0.66,0.31
clinton,1999-02-19,1999-02-21,0.66,0.3
clinton,1999-02-12,1999-02-13,0.68,0.3
clinton,1999-02-04,1999-02-08,0.65,0.33
clinton,1999-01-22,1999-01-24,0.69,0.29
clinton,1999-01-15,1999-01-17,0.69,0.29
clinton,1999-01-08,1999-01-10,0.67,0.3
clinton,1998-12-19,1998-12-20,0.73,0.25
clinton,1998-12-15,1998-12-16,0.63,0.33
clinton,1998-12-12,1998-12-13,0.64,0.34
clinton,1998-12-04,1998-12-06,0.66,0.3
clinton,1998-11-20,1998-11-22,0.66,0.3
clinton,1998-11-13,1998-11-15,0.66,0.31
clinton,1998-10-29,1998-11-01,0.66,0.3
clinton,1998-10-23,1998-10-25,0.65,0.32
clinton,1998-10-09,1998-10-12,0.65,0.32
clinton,1998-10-06,1998-10-07,0.63,0.34
clinton,1998-09-23,1998-09-24,0.66,0.31
clinton,1998-09-14,1998-09-15,0.63,0.35
clinton,1998-09-11,1998-09-12,0.63,0.34
clinton,1998-08-21,1998-08-23,0.62,0.35
clinton,1998-08-10,1998-08-12,0.65,0.3
clinton,1998-08-07,1998-08-08,0.64,0.32
clinton,1998-07-13,1998-07-14,0.63,0.31
clinton,1998-07-07,1998-07-08,0.61,0.34
clinton,1998-06-22,1998-06-23,0.6,0.34
clinton,1998-06-05,1998-06-07,0.6,0.34
clinton,1998-05-08,1998-05-10,0.64,0.31
clinton,1998-04-17,1998-04-19,0.63,0.31
clinton,1998-03-20,1998-03-22,0.66,0.28
clinton,1998-03-06,1998-03-09,0.63,0.31
clinton,1998-02-20,1998-02-22,0.66,0.29
clinton,1998-02-13,1998-02-15,0.66,0.3
clinton,1998-01-30,1998-02-01,0.69,0.28
clinton,1998-01-25,1998-01-26,0.59,0.37
clinton,1998-01-23,1998-01-24,0.58,0.36
clinton,1998-01-16,1998-01-18,0.6,0.3
clinton,1998-01-06,1998-01-07,0.59,0.32
clinton,1997-12-18,1997-12-21,0.56,0.36
clinton,1997-11-21,1997-11-23,0.61,0.3
clinton,1997-11-06,1997-11-09,0.59,0.31
clinton,1997-10-27,1997-10-29,0.59,0.32
clinton,1997-10-03,1997-10-05,0.55,0.36
clinton,1997-09-25,1997-09-28,0.58,0.33
clinton,1997-09-06,1997-09-07,0.61,0.28
clinton,1997-08-22,1997-08-25,0.6,0.34
clinton,1997-08-12,1997-08-13,0.61,0.32
clinton,1997-07-25,1997-07-27,0.58,0.34
clinton,1997-06-26,1997-06-29,0.55,0.36
clinton,1997-05-30,1997-06-01,0.57,0.35
clinton,1997-05-06,1997-05-07,0.57,0.35
clinton,1997-04-18,1997-04-20,0.54,0.37
clinton,1997-03-24,1997-03-26,0.59,0.35
clinton,1997-02-24,1997-02-26,0.57,0.33
clinton,1997-01-30,1997-02-02,0.6,0.31
clinton,1997-01-10,1997-01-13,0.62,0.31
clinton,1997-01-03,1997-01-05,0.58,0.35
clinton,1996-12-09,1996-12-11,0.58,0.34
clinton,1996-11-21,1996-11-24,0.58,0.35
clinton,1996-10-26,1996-10-29,0.54,0.36
clinton,1996-10-02,1996-10-03,0.57,0.36
clinton,1996-10-01,1996-10-02,0.58,0.34
clinton,1996-09-07,1996-09-09,0.6,0.31
clinton,1996-08-30,1996-09-01,0.6,0.33
clinton,1996-08-23,1996-08-25,0.53,0.39
clinton,1996-08-16,1996-08-18,0.52,0.39
clinton,1996-08-05,1996-08-07,0.57,0.36
clinton,1996-07-25,1996-07-28,0.58,0.35
clinton,1996-07-18,1996-07-21,0.57,0.35
clinton,1996-06-27,1996-06-30,0.52,0.42
clinton,1996-06-18,1996-06-19,0.58,0.37
clinton,1996-05-28,1996-05-29,0.53,0.38
clinton,1996-05-09,1996-05-12,0.55,0.39
clinton,1996-04-25,1996-04-28,0.56,0.37
clinton,1996-04-09,1996-04-10,0.54,0.4
clinton,1996-03-15,1996-03-17,0.52,0.39
clinton,1996-03-08,1996-03-10,0.54,0.37
clinton,1996-02-23,1996-02-25,0.53,0.4
clinton,1996-01-26,1996-01-29,0.52,0.42
clinton,1996-01-12,1996-01-15,0.46,0.47
clinton,1996-01-05,1996-01-07,0.42,0.49
clinton,1995-12-15,1995-12-18,0.51,0.44
clinton,1995-11-17,1995-11-18,0.53,0.38
clinton,1995-11-06,1995-11-08,0.52,0.41
clinton,1995-10-19,1995-10-22,0.49,0.4
clinton,1995-10-05,1995-10-07,0.46,0.42
clinton,1995-09-22,1995-09-24,0.48,0.44
clinton,1995-09-14,1995-09-17,0.44,0.44
clinton,1995-08-28,1995-08-30,0.46,0.43
clinton,1995-08-11,1995-08-14,0.46,0.44
clinton,1995-08-04,1995-08-07,0.46,0.42
clinton,1995-07-20,1995-07-23,0.46,0.44
clinton,1995-07-07,1995-07-09,0.48,0.42
clinton,1995-06-05,1995-06-06,0.47,0.42
clinton,1995-05-11,1995-05-14,0.51,0.42
clinton,1995-04-21,1995-04-24,0.51,0.39
clinton,1995-04-17,1995-04-19,0.46,0.45
clinton,1995-04-05,1995-04-06,0.47,0.45
clinton,1995-03-27,1995-03-29,0.44,0.47
clinton,1995-03-17,1995-03-19,0.46,0.45
clinton,1995-02-24,1995-02-26,0.42,0.48
clinton,1995-02-03,1995-02-05,0.49,0.44
clinton,1995-01-16,1995-01-18,0.47,0.45
clinton,1994-12-28,1994-12-30,0.4,0.52
clinton,1994-12-16,1994-12-18,0.42,0.53
clinton,1994-12-02,1994-12-05,0.42,0.5
clinton,1994-11-28,1994-11-29,0.43,0.49
clinton,1994-11-02,1994-11-06,0.46,0.46
clinton,1994-10-22,1994-10-25,0.48,0.46
clinton,1994-10-18,1994-10-19,0.41,0.52
clinton,1994-10-07,1994-10-09,0.42,0.52
clinton,1994-09-23,1994-09-25,0.43,0.51
clinton,1994-09-16,1994-09-18,0.42,0.5
clinton,1994-09-06,1994-09-07,0.39,0.54
clinton,1994-08-15,1994-08-16,0.39,0.52
clinton,1994-08-08,1994-08-09,0.43,0.48
clinton,1994-07-15,1994-07-17,0.42,0.49
clinton,1994-07-01,1994-07-03,0.43,0.48
clinton,1994-06-25,1994-06-28,0.44,0.47
clinton,1994-06-11,1994-06-12,0.49,0.44
clinton,1994-06-03,1994-06-06,0.46,0.47
clinton,1994-05-20,1994-05-22,0.51,0.42
clinton,1994-04-22,1994-04-24,0.48,0.44
clinton,1994-04-16,1994-04-18,0.51,0.41
clinton,1994-03-28,1994-03-30,0.51,0.42
clinton,1994-03-25,1994-03-27,0.52,0.41
clinton,1994-03-11,1994-03-13,0.5,0.41
clinton,1994-03-07,1994-03-08,0.5,0.42
clinton,1994-02-26,1994-02-28,0.53,0.41
clinton,1994-01-28,1994-01-30,0.58,0.35
clinton,1994-01-15,1994-01-17,0.54,0.38
clinton,1994-01-06,1994-01-08,0.54,0.38
clinton,1993-12-17,1993-12-19,0.54,0.4
clinton,1993-12-04,1993-12-06,0.52,0.38
clinton,1993-11-19,1993-11-21,0.48,0.43
clinton,1993-11-15,1993-11-16,0.5,0.43
clinton,1993-11-02,1993-11-04,0.48,0.45
clinton,1993-10-28,1993-10-30,0.48,0.45
clinton,1993-10-13,1993-10-18,0.47,0.44
clinton,1993-10-08,1993-10-10,0.5,0.42
clinton,1993-09-24,1993-09-26,0.56,0.36
clinton,1993-09-13,1993-09-15,0.46,0.43
clinton,1993-09-10,1993-09-12,0.47,0.42
clinton,1993-08-23,1993-08-25,0.44,0.47
clinton,1993-08-08,1993-08-10,0.44,0.48
clinton,1993-07-19,1993-07-21,0.41,0.49
clinton,1993-07-09,1993-07-11,0.45,0.48
clinton,1993-06-29,1993-06-30,0.46,0.47
clinton,1993-06-18,1993-06-21,0.39,0.5
clinton,1993-06-05,1993-06-06,0.37,0.49
clinton,1993-05-21,1993-05-23,0.44,0.46
clinton,1993-05-10,1993-05-12,0.45,0.44
clinton,1993-04-22,1993-04-24,0.55,0.37
clinton,1993-03-29,1993-03-31,0.52,0.37
clinton,1993-03-12,1993-03-14,0.53,0.34
clinton,1993-02-26,1993-02-28,0.59,0.29
clinton,1993-02-12,1993-02-14,0.51,0.34
clinton,1993-01-29,1993-01-31,0.54,0.3
clinton,1993-01-24,1993-01-26,0.58,0.2
bush,1993-01-08,1993-01-11,0.56,0.37
bush,1992-12-18,1992-12-20,0.49,0.41
bush,1992-12-04,1992-12-06,0.49,0.47
bush,1992-11-20,1992-11-22,0.43,0.46
bush,1992-10-13,1992-10-15,0.34,0.56
bush,1992-10-01,1992-10-03,0.33,0.58
bush,1992-09-17,1992-09-20,0.36,0.54
bush,1992-09-11,1992-09-15,0.39,0.55
bush,1992-08-31,1992-09-02,0.39,0.54
bush,1992-08-21,1992-08-22,0.4,0.54
bush,1992-08-10,1992-08-12,0.35,0.58
bush,1992-07-31,1992-08-02,0.29,0.6
bush,1992-07-24,1992-07-26,0.32,0.59
bush,1992-06-26,1992-06-30,0.38,0.55
bush,1992-06-12,1992-06-14,0.37,0.55
bush,1992-06-04,1992-06-07,0.37,0.56
bush,1992-05-18,1992-05-20,0.41,0.52
bush,1992-05-07,1992-05-10,0.4,0.53
bush,1992-04-20,1992-04-22,0.42,0.48
bush,1992-04-09,1992-04-12,0.39,0.54
bush,1992-03-26,1992-03-29,0.42,0.51
bush,1992-03-20,1992-03-22,0.41,0.49
bush,1992-03-11,1992-03-12,0.41,0.47
bush,1992-02-28,1992-03-01,0.41,0.53
bush,1992-02-19,1992-02-20,0.39,0.47
bush,1992-02-06,1992-02-09,0.44,0.48
bush,1992-01-31,1992-02-02,0.47,0.48
bush,1992-01-16,1992-01-19,0.46,0.48
bush,1992-01-03,1992-01-06,0.46,0.47
bush,1991-12-12,1991-12-15,0.5,0.41
bush,1991-12-05,1991-12-08,0.52,0.42
bush,1991-11-21,1991-11-24,0.52,0.39
bush,1991-11-14,1991-11-17,0.56,0.36
bush,1991-11-07,1991-11-10,0.56,0.36
bush,1991-10-31,1991-11-03,0.59,0.33
bush,1991-10-24,1991-10-27,0.62,0.29
bush,1991-10-17,1991-10-20,0.66,0.26
bush,1991-10-10,1991-10-13,0.66,0.28
bush,1991-10-03,1991-10-06,0.65,0.27
bush,1991-09-26,1991-09-29,0.66,0.25
bush,1991-09-13,1991-09-15,0.68,0.22
bush,1991-09-05,1991-09-08,0.7,0.21
bush,1991-08-29,1991-09-03,0.69,0.22
bush,1991-08-23,1991-08-25,0.74,0.19
bush,1991-08-08,1991-08-11,0.71,0.22
bush,1991-07-25,1991-07-28,0.71,0.21
bush,1991-07-18,1991-07-21,0.7,0.21
bush,1991-07-11,1991-07-14,0.72,0.21
bush,1991-06-27,1991-06-30,0.72,0.23
bush,1991-06-13,1991-06-16,0.71,0.19
bush,1991-05-30,1991-06-02,0.74,0.17
bush,1991-05-23,1991-05-26,0.76,0.16
bush,1991-05-16,1991-05-19,0.77,0.15
bush,1991-05-02,1991-05-05,0.74,0.19
bush,1991-04-25,1991-04-28,0.76,0.15
bush,1991-04-11,1991-04-14,0.77,0.13
bush,1991-04-04,1991-04-06,0.83,0.12
bush,1991-03-28,1991-03-30,0.82,0.11
bush,1991-03-21,1991-03-24,0.84,0.1
bush,1991-03-14,1991-03-17,0.86,0.09
bush,1991-03-07,1991-03-10,0.87,0.08
bush,1991-02-28,1991-03-03,0.89,0.08
bush,1991-02-21,1991-02-24,0.8,0.13
bush,1991-02-14,1991-02-17,0.8,0.14
bush,1991-02-07,1991-02-10,0.79,0.18
bush,1991-01-30,1991-02-02,0.82,0.15
bush,1991-01-23,1991-01-26,0.83,0.13
bush,1991-01-19,1991-01-22,0.8,0.14
bush,1991-01-17,1991-01-20,0.82,0.12
bush,1991-01-11,1991-01-13,0.64,0.25
bush,1991-01-03,1991-01-06,0.58,0.31
bush,1990-12-13,1990-12-16,0.63,0.3
bush,1990-12-06,1990-12-09,0.58,0.33
bush,1990-11-29,1990-12-02,0.61,0.29
bush,1990-11-15,1990-11-18,0.54,0.33
bush,1990-11-08,1990-11-11,0.58,0.34
bush,1990-11-01,1990-11-04,0.58,0.32
bush,1990-10-25,1990-10-28,0.54,0.36
bush,1990-10-18,1990-10-21,0.53,0.37
bush,1990-10-11,1990-10-14,0.56,0.33
bush,1990-10-03,1990-10-04,0.66,0.25
bush,1990-09-27,1990-09-30,0.67,0.2
bush,1990-09-14,1990-09-16,0.73,0.17
bush,1990-09-10,1990-09-11,0.76,0.16
bush,1990-08-30,1990-09-02,0.74,0.17
bush,1990-08-23,1990-08-26,0.76,0.16
bush,1990-08-16,1990-08-19,0.75,0.16
bush,1990-08-09,1990-08-12,0.74,0.16
bush,1990-07-19,1990-07-22,0.6,0.25
bush,1990-07-06,1990-07-08,0.63,0.24
bush,1990-06-15,1990-06-17,0.69,0.17
bush,1990-06-07,1990-06-10,0.67,0.18
bush,1990-05-17,1990-05-20,0.65,0.2
bush,1990-04-19,1990-04-22,0.67,0.17
bush,1990-04-05,1990-04-08,0.68,0.16
bush,1990-03-15,1990-03-18,0.74,0.15
bush,1990-03-08,1990-03-11,0.68,0.18
bush,1990-02-15,1990-02-18,0.73,0.16
bush,1990-02-08,1990-02-11,0.73,0.16
bush,1990-01-04,1990-01-07,0.8,0.11
bush,1989-12-07,1989-12-10,0.71,0.2
bush,1989-11-02,1989-11-05,0.7,0.17
bush,1989-10-05,1989-10-08,0.68,0.2
bush,1989-09-07,1989-09-10,0.7,0.17
bush,1989-08-10,1989-08-13,0.69,0.19
bush,1989-07-06,1989-07-09,0.66,0.19
bush,1989-06-08,1989-06-11,0.7,0.14
bush,1989-05-15,1989-05-18,0.63,0.18
bush,1989-05-04,1989-05-07,0.56,0.22
bush,1989-04-10,1989-04-16,0.58,0.16
bush,1989-03-10,1989-03-13,0.56,0.16
bush,1989-02-28,1989-03-02,0.63,0.13
bush,1989-01-24,1989-01-26,0.51,0.06
reagan,1988-12-27,1988-12-29,0.63,0.29
reagan,1988-11-11,1988-11-14,0.57,0.35
reagan,1988-10-21,1988-10-24,0.51,0.38
reagan,1988-09-25,1988-10-01,0.54,0.37
reagan,1988-08-19,1988-08-22,0.53,0.37
reagan,1988-07-15,1988-07-18,0.54,0.36
reagan,1988-07-01,1988-07-07,0.51,0.35
reagan,1988-06-24,1988-06-27,0.48,0.4
reagan,1988-06-10,1988-06-13,0.51,0.39
reagan,1988-05-13,1988-05-22,0.48,0.43
reagan,1988-05-02,1988-05-08,0.5,0.38
reagan,1988-04-08,1988-04-11,0.5,0.39
reagan,1988-03-08,1988-03-12,0.51,0.37
reagan,1988-03-04,1988-03-06,0.5,0.42
reagan,1988-01-22,1988-01-25,0.49,0.4
reagan,1987-12-04,1987-12-07,0.49,0.41
reagan,1987-10-23,1987-10-26,0.51,0.41
reagan,1987-08-24,1987-09-02,0.49,0.42
reagan,1987-08-07,1987-08-10,0.45,0.41
reagan,1987-07-10,1987-07-13,0.49,0.43
reagan,1987-06-08,1987-06-14,0.53,0.4
reagan,1987-06-05,1987-06-08,0.47,0.44
reagan,1987-04-10,1987-04-13,0.48,0.43
reagan,1987-03-14,1987-03-18,0.47,0.44
reagan,1987-03-06,1987-03-09,0.43,0.46
reagan,1987-01-16,1987-01-19,0.48,0.43
reagan,1986-12-05,1986-12-08,0.48,0.43
reagan,1986-12-04,1986-12-05,0.47,0.44
reagan,1986-10-24,1986-10-27,0.63,0.29
reagan,1986-09-13,1986-09-17,0.63,0.26
reagan,1986-09-12,1986-09-15,0.61,0.25
reagan,1986-08-08,1986-08-11,0.61,0.27
reagan,1986-07-11,1986-07-14,0.63,0.28
reagan,1986-06-09,1986-06-16,0.64,0.26
reagan,1986-06-06,1986-06-09,0.61,0.29
reagan,1986-05-16,1986-05-19,0.68,0.23
reagan,1986-04-11,1986-04-14,0.62,0.29
reagan,1986-03-04,1986-03-10,0.63,0.26
reagan,1986-01-10,1986-01-13,0.64,0.27
reagan,1985-12-06,1985-12-09,0.63,0.29
reagan,1985-11-11,1985-11-18,0.65,0.24
reagan,1985-11-01,1985-11-04,0.62,0.28
reagan,1985-10-11,1985-10-14,0.63,0.29
reagan,1985-09-13,1985-09-16,0.6,0.3
reagan,1985-08-16,1985-08-19,0.57,0.32
reagan,1985-08-13,1985-08-15,0.65,0.26
reagan,1985-07-12,1985-07-15,0.63,0.28
reagan,1985-06-07,1985-06-10,0.58,0.32
reagan,1985-05-17,1985-05-20,0.55,0.37
reagan,1985-04-12,1985-04-15,0.52,0.37
reagan,1985-03-08,1985-03-11,0.56,0.37
reagan,1985-02-15,1985-02-18,0.6,0.31
reagan,1985-01-25,1985-01-28,0.64,0.28
reagan,1985-01-11,1985-01-14,0.62,0.29
reagan,1984-12-07,1984-12-10,0.59,0.32
reagan,1984-11-30,1984-12-03,0.62,0.3
reagan,1984-11-09,1984-11-12,0.61,0.31
reagan,1984-10-26,1984-10-29,0.58,0.33
reagan,1984-09-28,1984-10-01,0.54,0.35
reagan,1984-09-21,1984-09-24,0.57,0.36
reagan,1984-09-07,1984-09-10,0.57,0.36
reagan,1984-08-10,1984-08-13,0.54,0.38
reagan,1984-07-27,1984-07-30,0.52,0.37
reagan,1984-07-13,1984-07-16,0.55,0.35
reagan,1984-07-06,1984-07-09,0.54,0.35
reagan,1984-06-29,1984-07-02,0.53,0.37
reagan,1984-06-22,1984-06-25,0.54,0.36
reagan,1984-06-06,1984-06-08,0.55,0.33
reagan,1984-05-18,1984-05-21,0.54,0.38
reagan,1984-05-03,1984-05-05,0.52,0.37
reagan,1984-04-06,1984-04-09,0.54,0.36
reagan,1984-03-16,1984-03-19,0.54,0.39
reagan,1984-02-10,1984-02-13,0.55,0.36
reagan,1984-01-27,1984-01-30,0.55,0.37
reagan,1984-01-13,1984-01-16,0.52,0.38
reagan,1983-12-09,1983-12-12,0.54,0.38
reagan,1983-11-18,1983-11-21,0.53,0.37
reagan,1983-10-21,1983-10-24,0.49,0.41
reagan,1983-10-07,1983-10-10,0.45,0.44
reagan,1983-09-16,1983-09-19,0.47,0.43
reagan,1983-09-09,1983-09-12,0.47,0.42
reagan,1983-08-19,1983-08-22,0.43,0.46
reagan,1983-08-12,1983-08-15,0.43,0.45
reagan,1983-08-05,1983-08-08,0.44,0.46
reagan,1983-07-29,1983-08-01,0.44,0.42
reagan,1983-07-22,1983-07-25,0.42,0.47
reagan,1983-06-24,1983-06-27,0.47,0.44
reagan,1983-06-10,1983-06-13,0.43,0.45
reagan,1983-05-20,1983-05-23,0.46,0.43
reagan,1983-05-13,1983-05-16,0.43,0.45
reagan,1983-04-29,1983-05-02,0.43,0.46
reagan,1983-04-15,1983-04-18,0.41,0.49
reagan,1983-03-11,1983-03-14,0.41,0.49
reagan,1983-02-25,1983-02-28,0.4,0.5
reagan,1983-01-28,1983-01-31,0.35,0.56
reagan,1983-01-21,1983-01-24,0.37,0.53
reagan,1983-01-14,1983-01-17,0.37,0.54
reagan,1982-12-10,1982-12-13,0.41,0.5
reagan,1982-11-19,1982-11-22,0.43,0.47
reagan,1982-11-05,1982-11-08,0.43,0.47
reagan,1982-10-15,1982-10-18,0.42,0.48
reagan,1982-09-17,1982-09-20,0.42,0.48
reagan,1982-08-27,1982-08-30,0.42,0.46
reagan,1982-08-13,1982-08-16,0.41,0.49
reagan,1982-07-30,1982-08-02,0.41,0.47
reagan,1982-07-23,1982-07-26,0.42,0.46
reagan,1982-06-25,1982-06-28,0.44,0.46
reagan,1982-06-11,1982-06-14,0.45,0.45
reagan,1982-05-14,1982-05-17,0.45,0.44
reagan,1982-04-30,1982-05-03,0.44,0.46
reagan,1982-04-23,1982-04-26,0.43,0.47
reagan,1982-04-02,1982-04-05,0.45,0.46
reagan,1982-03-12,1982-03-15,0.46,0.45
reagan,1982-02-05,1982-02-08,0.47,0.43
reagan,1982-01-22,1982-01-25,0.47,0.42
reagan,1982-01-08,1982-01-11,0.49,0.4
reagan,1981-12-11,1981-12-14,0.49,0.41
reagan,1981-11-20,1981-11-23,0.54,0.37
reagan,1981-11-13,1981-11-16,0.49,0.4
reagan,1981-10-30,1981-11-02,0.53,0.35
reagan,1981-10-02,1981-10-05,0.56,0.35
reagan,1981-09-18,1981-09-21,0.52,0.37
reagan,1981-08-14,1981-08-17,0.6,0.29
reagan,1981-07-31,1981-08-03,0.6,0.28
reagan,1981-07-24,1981-07-27,0.56,0.3
reagan,1981-07-17,1981-07-20,0.6,0.29
reagan,1981-06-26,1981-06-29,0.58,0.3
reagan,1981-06-19,1981-06-22,0.59,0.29
reagan,1981-06-05,1981-06-08,0.59,0.28
reagan,1981-05-08,1981-05-11,0.68,0.21
reagan,1981-04-10,1981-04-13,0.67,0.19
reagan,1981-04-03,1981-04-06,0.67,0.18
reagan,1981-03-13,1981-03-16,0.6,0.24
reagan,1981-02-13,1981-02-16,0.55,0.18
reagan,1981-01-30,1981-02-02,0.51,0.13
carter,1980-12-05,1980-12-08,0.34,0.55
carter,1980-11-21,1980-11-24,0.31,0.56
carter,1980-09-12,1980-09-15,0.37,0.55
carter,1980-08-15,1980-08-18,0.32,0.55
carter,1980-07-11,1980-07-14,0.33,0.55
carter,1980-06-27,1980-06-30,0.31,0.58
carter,1980-06-13,1980-06-16,0.32,0.56
carter,1980-05-30,1980-06-02,0.38,0.52
carter,1980-05-16,1980-05-19,0.38,0.51
carter,1980-05-02,1980-05-05,0.43,0.47
carter,1980-04-11,1980-04-14,0.39,0.5
carter,1980-03-27,1980-03-30,0.39,0.51
carter,1980-03-07,1980-03-10,0.43,0.45
carter,1980-02-29,1980-03-03,0.52,0.38
carter,1980-02-01,1980-02-04,0.55,0.36
carter,1980-01-25,1980-01-28,0.58,0.32
carter,1980-01-05,1980-01-08,0.56,0.33
carter,1979-12-07,1979-12-10,0.54,0.35
carter,1979-11-30,1979-12-03,0.51,0.37
carter,1979-11-16,1979-11-19,0.38,0.49
carter,1979-11-02,1979-11-05,0.32,0.55
carter,1979-10-12,1979-10-15,0.31,0.55
carter,1979-10-05,1979-10-08,0.29,0.58
carter,1979-09-28,1979-10-01,0.33,0.54
carter,1979-09-07,1979-09-10,0.3,0.55
carter,1979-08-17,1979-08-20,0.32,0.54
carter,1979-08-10,1979-08-13,0.33,0.55
carter,1979-08-03,1979-08-06,0.32,0.53
carter,1979-07-13,1979-07-16,0.29,0.58
carter,1979-06-29,1979-07-02,0.28,0.59
carter,1979-06-22,1979-06-25,0.29,0.57
carter,1979-06-01,1979-06-04,0.29,0.56
carter,1979-05-18,1979-05-21,0.32,0.53
carter,1979-05-04,1979-05-07,0.37,0.49
carter,1979-04-06,1979-04-09,0.4,0.46
carter,1979-03-23,1979-03-31,0.42,0.44
carter,1979-03-16,1979-03-19,0.47,0.39
carter,1979-03-02,1979-03-05,0.39,0.48
carter,1979-02-23,1979-02-26,0.37,0.46
carter,1979-02-02,1979-02-05,0.42,0.42
carter,1979-01-19,1979-01-22,0.43,0.41
carter,1979-01-05,1979-01-08,0.5,0.36
carter,1978-12-08,1978-12-11,0.51,0.34
carter,1978-12-01,1978-12-04,0.5,0.34
carter,1978-11-10,1978-11-13,0.52,0.36
carter,1978-10-27,1978-10-30,0.49,0.36
carter,1978-09-22,1978-09-25,0.48,0.34
carter,1978-09-15,1978-09-18,0.45,0.4
carter,1978-09-08,1978-09-11,0.42,0.42
carter,1978-08-18,1978-08-21,0.43,0.41
carter,1978-08-11,1978-08-14,0.4,0.43
carter,1978-08-04,1978-08-07,0.39,0.44
carter,1978-07-21,1978-07-24,0.39,0.44
carter,1978-07-08,1978-07-10,0.4,0.41
carter,1978-06-16,1978-06-19,0.42,0.42
carter,1978-06-02,1978-06-05,0.44,0.41
carter,1978-05-19,1978-05-22,0.43,0.43
carter,1978-05-05,1978-05-08,0.41,0.43
carter,1978-04-28,1978-05-01,0.41,0.42
carter,1978-04-14,1978-04-17,0.4,0.44
carter,1978-03-31,1978-04-03,0.48,0.39
carter,1978-03-10,1978-03-13,0.5,0.35
carter,1978-03-02,1978-03-05,0.49,0.33
carter,1978-02-24,1978-02-27,0.5,0.33
carter,1978-02-11,1978-02-14,0.47,0.34
carter,1978-01-20,1978-01-23,0.52,0.28
carter,1978-01-06,1978-01-09,0.55,0.27
carter,1977-12-09,1977-12-12,0.57,0.27
carter,1977-11-18,1977-11-21,0.56,0.3
carter,1977-11-04,1977-11-07,0.55,0.3
carter,1977-10-28,1977-10-31,0.51,0.31
carter,1977-10-21,1977-10-24,0.54,0.3
carter,1977-10-14,1977-10-17,0.55,0.29
carter,1977-09-30,1977-10-03,0.59,0.24
carter,1977-09-09,1977-09-12,0.54,0.29
carter,1977-08-19,1977-08-22,0.66,0.16
carter,1977-08-05,1977-08-08,0.6,0.23
carter,1977-07-22,1977-07-25,0.67,0.17
carter,1977-07-08,1977-07-11,0.62,0.22
carter,1977-06-17,1977-06-20,0.63,0.18
carter,1977-06-03,1977-06-06,0.63,0.19
carter,1977-05-20,1977-05-23,0.64,0.19
carter,1977-05-06,1977-05-09,0.66,0.19
carter,1977-04-29,1977-05-02,0.63,0.18
carter,1977-04-15,1977-04-18,0.63,0.18
carter,1977-04-01,1977-04-04,0.67,0.14
carter,1977-03-25,1977-03-28,0.72,0.1
carter,1977-03-18,1977-03-21,0.75,0.09
carter,1977-03-04,1977-03-07,0.7,0.09
carter,1977-02-18,1977-02-21,0.71,0.09
carter,1977-02-04,1977-02-07,0.66,0.08
ford,1976-12-10,1976-12-13,0.53,0.32
ford,1976-06-11,1976-06-14,0.45,0.4
ford,1976-05-20,1976-05-23,0.47,0.38
ford,1976-04-09,1976-04-12,0.48,0.41
ford,1976-03-19,1976-03-22,0.5,0.36
ford,1976-02-27,1976-03-01,0.48,0.38
ford,1976-01-30,1976-02-02,0.46,0.4
ford,1976-01-23,1976-01-26,0.45,0.45
ford,1976-01-02,1976-01-05,0.46,0.42
ford,1975-12-12,1975-12-15,0.39,0.46
ford,1975-12-05,1975-12-08,0.46,0.37
ford,1975-11-21,1975-11-24,0.41,0.46
ford,1975-10-31,1975-11-03,0.44,0.44
ford,1975-10-17,1975-10-20,0.47,0.4
ford,1975-10-03,1975-10-06,0.47,0.37
ford,1975-09-12,1975-09-15,0.45,0.38
ford,1975-08-15,1975-08-18,0.46,0.37
ford,1975-08-01,1975-08-04,0.45,0.37
ford,1975-06-27,1975-06-30,0.52,0.33
ford,1975-05-30,1975-06-02,0.51,0.33
ford,1975-05-02,1975-05-05,0.4,0.43
ford,1975-04-18,1975-04-21,0.39,0.46
ford,1975-04-04,1975-04-07,0.44,0.37
ford,1975-03-28,1975-03-31,0.37,0.43
ford,1975-03-07,1975-03-10,0.38,0.45
ford,1975-02-28,1975-03-02,0.39,0.45
ford,1975-01-28,1975-02-03,0.39,0.43
ford,1975-01-10,1975-01-13,0.37,0.39
ford,1974-12-06,1974-12-09,0.42,0.41
ford,1974-11-15,1974-11-18,0.48,0.32
ford,1974-11-08,1974-11-11,0.47,0.33
ford,1974-10-18,1974-10-21,0.54,0.28
ford,1974-10-11,1974-10-14,0.52,0.29
ford,1974-09-27,1974-09-30,0.5,0.28
ford,1974-09-06,1974-09-09,0.66,0.13
ford,1974-08-16,1974-08-19,0.71,0.03
nixon,1974-08-02,1974-08-05,0.24,0.66
nixon,1974-07-12,1974-07-15,0.24,0.63
nixon,1974-06-28,1974-07-01,0.28,0.58
nixon,1974-06-21,1974-06-24,0.26,0.61
nixon,1974-05-31,1974-06-03,0.28,0.61
nixon,1974-05-17,1974-05-20,0.26,0.61
nixon,1974-05-10,1974-05-13,0.25,0.61
nixon,1974-05-03,1974-05-06,0.25,0.58
nixon,1974-04-19,1974-04-22,0.26,0.6
nixon,1974-04-12,1974-04-15,0.25,0.62
nixon,1974-03-29,1974-04-01,0.26,0.65
nixon,1974-03-08,1974-03-11,0.26,0.62
nixon,1974-02-22,1974-02-25,0.25,0.64
nixon,1974-02-08,1974-02-11,0.27,0.63
nixon,1974-02-01,1974-02-04,0.28,0.59
nixon,1974-01-18,1974-01-21,0.26,0.64
nixon,1974-01-04,1974-01-07,0.27,0.63
nixon,1973-12-07,1973-12-10,0.29,0.6
nixon,1973-11-30,1973-12-03,0.31,0.59
nixon,1973-11-02,1973-11-05,0.27,0.63
nixon,1973-10-19,1973-10-22,0.27,0.6
nixon,1973-10-05,1973-10-08,0.3,0.57
nixon,1973-09-21,1973-09-24,0.33,0.59
nixon,1973-09-07,1973-09-10,0.34,0.56
nixon,1973-08-17,1973-08-20,0.36,0.54
nixon,1973-08-03,1973-08-06,0.31,0.58
nixon,1973-07-06,1973-07-09,0.39,0.49
nixon,1973-06-22,1973-06-25,0.44,0.45
nixon,1973-06-01,1973-06-04,0.44,0.44
nixon,1973-05-11,1973-05-14,0.44,0.45
nixon,1973-05-04,1973-05-07,0.45,0.42
nixon,1973-04-27,1973-04-29,0.48,0.4
nixon,1973-04-06,1973-04-09,0.54,0.36
nixon,1973-03-30,1973-04-02,0.57,0.34
nixon,1973-02-16,1973-02-19,0.65,0.25
nixon,1973-01-26,1973-01-29,0.67,0.25
nixon,1973-01-12,1973-01-15,0.51,0.37
nixon,1972-12-08,1972-12-11,0.59,0.3
nixon,1972-11-11,1972-11-14,0.62,0.28
nixon,1972-06-23,1972-06-26,0.56,0.33
nixon,1972-06-16,1972-06-19,0.59,0.3
nixon,1972-05-26,1972-05-29,0.62,0.3
nixon,1972-04-28,1972-05-01,0.54,0.37
nixon,1972-03-24,1972-03-27,0.53,0.36
nixon,1972-03-03,1972-03-05,0.56,0.32
nixon,1972-02-04,1972-02-07,0.52,0.37
nixon,1972-01-07,1972-01-10,0.49,0.39
nixon,1971-12-10,1971-12-13,0.5,0.37
nixon,1971-10-29,1971-11-02,0.49,0.37
nixon,1971-10-08,1971-10-11,0.52,0.38
nixon,1971-08-27,1971-08-30,0.49,0.38
nixon,1971-07-15,1971-07-18,0.5,0.37
nixon,1971-06-25,1971-06-28,0.48,0.39
nixon,1971-06-04,1971-06-07,0.48,0.37
nixon,1971-05-14,1971-05-17,0.5,0.35
nixon,1971-04-23,1971-04-26,0.5,0.38
nixon,1971-04-02,1971-04-05,0.49,0.38
nixon,1971-03-11,1971-03-14,0.5,0.37
nixon,1971-02-19,1971-02-22,0.49,0.37
nixon,1971-01-08,1971-01-11,0.56,0.33
nixon,1970-12-03,1970-12-08,0.52,0.34
nixon,1970-11-12,1970-11-17,0.57,0.3
nixon,1970-10-09,1970-10-14,0.58,0.27
nixon,1970-09-25,1970-09-28,0.51,0.31
nixon,1970-09-11,1970-09-14,0.57,0.3
nixon,1970-08-25,1970-09-01,0.55,0.31
nixon,1970-07-31,1970-08-02,0.55,0.32
nixon,1970-07-09,1970-07-14,0.61,0.28
nixon,1970-06-18,1970-06-23,0.55,0.31
nixon,1970-05-21,1970-05-26,0.59,0.29
nixon,1970-04-29,1970-05-03,0.57,0.32
nixon,1970-04-16,1970-04-21,0.56,0.31
nixon,1970-03-18,1970-03-25,0.54,0.34
nixon,1970-02-27,1970-03-02,0.56,0.27
nixon,1970-01-30,1970-02-02,0.64,0.24
nixon,1970-01-15,1970-01-20,0.63,0.23
nixon,1970-01-02,1970-01-05,0.61,0.22
nixon,1969-12-12,1969-12-15,0.59,0.23
nixon,1969-11-12,1969-11-17,0.67,0.19
nixon,1969-10-17,1969-10-22,0.56,0.29
nixon,1969-10-02,1969-10-07,0.57,0.24
nixon,1969-09-17,1969-09-22,0.58,0.23
nixon,1969-09-11,1969-09-16,0.6,0.24
nixon,1969-08-14,1969-08-19,0.62,0.2
nixon,1969-07-24,1969-07-29,0.65,0.17
nixon,1969-07-10,1969-07-15,0.58,0.22
nixon,1969-06-19,1969-06-24,0.63,0.16
nixon,1969-05-22,1969-05-27,0.62,0.15
nixon,1969-05-15,1969-05-20,0.65,0.12
nixon,1969-05-01,1969-05-06,0.62,0.15
nixon,1969-04-10,1969-04-15,0.61,0.12
nixon,1969-03-27,1969-04-01,0.63,0.1
nixon,1969-03-12,1969-03-17,0.65,0.09
nixon,1969-02-20,1969-02-25,0.6,0.06
nixon,1969-01-23,1969-01-28,0.59,0.05
johnson,1969-01-01,1969-01-06,0.49,0.37
johnson,1968-12-05,1968-12-10,0.44,0.43
johnson,1968-11-09,1968-11-14,0.43,0.44
johnson,1968-09-19,1968-09-24,0.42,0.51
johnson,1968-08-07,1968-08-12,0.35,0.52
johnson,1968-07-18,1968-07-23,0.4,0.47
johnson,1968-06-26,1968-07-01,0.4,0.47
johnson,1968-06-13,1968-06-18,0.42,0.45
johnson,1968-05-23,1968-05-23,0.41,0.45
johnson,1968-05-02,1968-05-07,0.46,0.43
johnson,1968-04-04,1968-04-09,0.5,0.38
johnson,1968-03-10,1968-03-15,0.36,0.52
johnson,1968-02-22,1968-02-27,0.41,0.48
johnson,1968-02-02,1968-02-07,0.41,0.47
johnson,1968-01-04,1968-01-09,0.48,0.39
johnson,1967-12-07,1967-12-12,0.46,0.41
johnson,1967-11-16,1967-11-21,0.42,0.46
johnson,1967-10-27,1967-11-01,0.41,0.49
johnson,1967-10-06,1967-10-11,0.38,0.5
johnson,1967-09-14,1967-09-19,0.38,0.48
johnson,1967-08-24,1967-08-29,0.39,0.48
johnson,1967-08-03,1967-08-08,0.4,0.48
johnson,1967-07-13,1967-07-18,0.47,0.39
johnson,1967-06-22,1967-06-27,0.51,0.35
johnson,1967-06-02,1967-06-07,0.44,0.4
johnson,1967-05-11,1967-05-16,0.45,0.39
johnson,1967-04-19,1967-04-24,0.48,0.37
johnson,1967-03-30,1967-04-04,0.46,0.38
johnson,1967-03-09,1967-03-14,0.45,0.41
johnson,1967-02-16,1967-02-21,0.45,0.42
johnson,1967-01-26,1967-01-31,0.46,0.37
johnson,1967-01-07,1967-01-12,0.47,0.37
johnson,1966-12-08,1966-12-13,0.44,0.47
johnson,1966-11-10,1966-11-15,0.49,0.35
johnson,1966-10-21,1966-10-26,0.44,0.41
johnson,1966-10-01,1966-10-06,0.44,0.42
johnson,1966-09-08,1966-09-13,0.46,0.39
johnson,1966-08-18,1966-08-23,0.47,0.39
johnson,1966-07-29,1966-08-03,0.51,0.38
johnson,1966-07-08,1966-07-13,0.56,0.3
johnson,1966-06-16,1966-06-21,0.48,0.39
johnson,1966-05-19,1966-05-24,0.5,0.33
johnson,1966-05-05,1966-05-10,0.46,0.34
johnson,1966-04-14,1966-04-19,0.54,0.33
johnson,1966-03-24,1966-03-29,0.57,0.28
johnson,1966-03-03,1966-03-08,0.58,0.28
johnson,1966-02-10,1966-02-15,0.56,0.34
johnson,1966-01-21,1966-01-26,0.61,0.27
johnson,1965-12-31,1966-01-05,0.59,0.24
johnson,1965-12-11,1965-12-16,0.63,0.26
johnson,1965-11-18,1965-11-23,0.62,0.22
johnson,1965-10-29,1965-11-02,0.65,0.22
johnson,1965-10-08,1965-10-13,0.66,0.21
johnson,1965-09-16,1965-09-21,0.63,0.24
johnson,1965-08-27,1965-09-01,0.64,0.25
johnson,1965-08-05,1965-08-10,0.65,0.22
johnson,1965-07-16,1965-07-21,0.65,0.2
johnson,1965-06-24,1965-06-29,0.65,0.21
johnson,1965-06-04,1965-06-09,0.69,0.19
johnson,1965-05-13,1965-05-18,0.7,0.18
johnson,1965-04-23,1965-04-28,0.64,0.22
johnson,1965-04-02,1965-04-07,0.67,0.22
johnson,1965-03-18,1965-03-23,0.69,0.21
johnson,1965-03-11,1965-03-16,0.68,0.18
johnson,1965-02-19,1965-02-24,0.68,0.18
johnson,1965-01-28,1965-02-02,0.7,0.15
johnson,1965-01-07,1965-01-12,0.71,0.15
johnson,1964-12-11,1964-12-16,0.69,0.18
johnson,1964-11-20,1964-11-25,0.7,0.19
johnson,1964-06-25,1964-06-30,0.74,0.15
johnson,1964-06-11,1964-06-16,0.74,0.14
johnson,1964-06-04,1964-06-09,0.74,0.12
johnson,1964-05-22,1964-05-27,0.74,0.13
johnson,1964-05-06,1964-05-11,0.75,0.1
johnson,1964-04-24,1964-04-29,0.75,0.11
johnson,1964-03-27,1964-04-01,0.75,0.12
johnson,1964-03-13,1964-03-18,0.77,0.09
johnson,1964-02-28,1964-03-04,0.79,0.09
johnson,1964-02-13,1964-02-18,0.73,0.09
johnson,1964-01-30,1964-02-05,0.76,0.08
johnson,1964-01-02,1964-01-07,0.77,0.05
johnson,1963-12-12,1963-12-17,0.74,0.04
johnson,1963-12-05,1963-12-10,0.78,0.02
kennedy,1963-11-08,1963-11-13,0.58,0.3
kennedy,1963-10-11,1963-10-16,0.58,0.29
kennedy,1963-09-12,1963-09-17,0.56,0.29
kennedy,1963-08-15,1963-08-20,0.62,0.26
kennedy,1963-07-18,1963-07-23,0.61,0.27
kennedy,1963-06-21,1963-06-26,0.61,0.26
kennedy,1963-05-23,1963-05-28,0.64,0.24
kennedy,1963-05-08,1963-05-13,0.65,0.23
kennedy,1963-05-02,1963-05-07,0.64,0.25
kennedy,1963-04-04,1963-04-09,0.66,0.21
kennedy,1963-03-08,1963-03-12,0.67,0.2
kennedy,1963-02-07,1963-02-12,0.7,0.18
kennedy,1963-01-11,1963-01-16,0.74,0.14
kennedy,1962-12-13,1962-12-18,0.76,0.13
kennedy,1962-11-16,1962-11-21,0.74,0.14
kennedy,1962-10-19,1962-10-24,0.61,0.25
kennedy,1962-09-20,1962-09-25,0.63,0.22
kennedy,1962-08-23,1962-08-28,0.67,0.2
kennedy,1962-07-26,1962-07-31,0.66,0.23
kennedy,1962-06-28,1962-07-03,0.69,0.19
kennedy,1962-05-31,1962-06-05,0.71,0.19
kennedy,1962-05-03,1962-05-08,0.74,0.16
kennedy,1962-04-06,1962-04-11,0.77,0.13
kennedy,1962-03-08,1962-03-13,0.79,0.12
kennedy,1962-02-08,1962-02-13,0.78,0.11
kennedy,1962-01-11,1962-01-16,0.79,0.1
kennedy,1961-12-07,1961-12-12,0.77,0.11
kennedy,1961-11-17,1961-11-22,0.79,0.09
kennedy,1961-10-19,1961-10-24,0.77,0.12
kennedy,1961-09-21,1961-09-26,0.79,0.1
kennedy,1961-08-24,1961-08-29,0.76,0.12
kennedy,1961-07-27,1961-08-02,0.75,0.12
kennedy,1961-06-23,1961-06-28,0.72,0.14
kennedy,1961-05-28,1961-06-02,0.74,0.11
kennedy,1961-05-17,1961-05-22,0.75,0.1
kennedy,1961-05-04,1961-05-09,0.77,0.09
kennedy,1961-04-28,1961-05-03,0.82,0.05
kennedy,1961-04-06,1961-04-11,0.78,0.06
kennedy,1961-03-10,1961-03-15,0.73,0.07
kennedy,1961-02-10,1961-02-15,0.72,0.06
eisenhower,1960-12-08,1960-12-13,0.59,0.28
eisenhower,1960-11-17,1960-11-22,0.59,0.26
eisenhower,1960-10-18,1960-10-23,0.58,0.31
eisenhower,1960-09-28,1960-10-02,0.65,0.26
eisenhower,1960-09-09,1960-09-14,0.58,0.28
eisenhower,1960-08-25,1960-08-30,0.61,0.28
eisenhower,1960-08-11,1960-08-16,0.63,0.24
eisenhower,1960-07-30,1960-08-04,0.63,0.26
eisenhower,1960-07-16,1960-07-21,0.49,0.33
eisenhower,1960-06-30,1960-07-05,0.57,0.27
eisenhower,1960-06-16,1960-06-21,0.61,0.24
eisenhower,1960-05-26,1960-05-31,0.65,0.22
eisenhower,1960-04-28,1960-05-03,0.62,0.22
eisenhower,1960-03-30,1960-04-04,0.65,0.22
eisenhower,1960-03-02,1960-03-07,0.64,0.22
eisenhower,1960-02-04,1960-02-09,0.64,0.22
eisenhower,1960-01-06,1960-01-11,0.66,0.19
eisenhower,1959-12-10,1959-12-15,0.77,0.15
eisenhower,1959-12-03,1959-12-08,0.67,0.18
eisenhower,1959-11-12,1959-11-17,0.65,0.21
eisenhower,1959-10-16,1959-10-21,0.67,0.19
eisenhower,1959-09-18,1959-09-23,0.66,0.2
eisenhower,1959-08-20,1959-08-25,0.67,0.2
eisenhower,1959-07-23,1959-07-28,0.61,0.26
eisenhower,1959-06-25,1959-06-30,0.62,0.23
eisenhower,1959-05-29,1959-06-03,0.64,0.21
eisenhower,1959-04-29,1959-05-04,0.6,0.24
eisenhower,1959-04-02,1959-04-07,0.62,0.23
eisenhower,1959-03-04,1959-03-09,0.58,0.26
eisenhower,1959-02-04,1959-02-09,0.59,0.26
eisenhower,1959-01-07,1959-01-12,0.57,0.27
eisenhower,1958-12-03,1958-12-08,0.57,0.32
eisenhower,1958-11-07,1958-11-12,0.52,0.3
eisenhower,1958-10-15,1958-10-20,0.57,0.27
eisenhower,1958-09-24,1958-09-29,0.54,0.28
eisenhower,1958-09-10,1958-09-15,0.57,0.29
eisenhower,1958-08-20,1958-08-25,0.56,0.27
eisenhower,1958-07-30,1958-08-04,0.58,0.27
eisenhower,1958-07-10,1958-07-15,0.52,0.32
eisenhower,1958-05-28,1958-06-02,0.54,0.31
eisenhower,1958-05-07,1958-05-12,0.53,0.32
eisenhower,1958-04-16,1958-04-21,0.54,0.31
eisenhower,1958-03-27,1958-04-01,0.48,0.36
eisenhower,1958-03-06,1958-03-11,0.51,0.33
eisenhower,1958-02-14,1958-02-19,0.54,0.33
eisenhower,1958-01-24,1958-01-29,0.58,0.27
eisenhower,1958-01-02,1958-01-07,0.6,0.3
eisenhower,1957-11-07,1957-11-12,0.58,0.27
eisenhower,1957-10-10,1957-10-15,0.57,0.27
eisenhower,1957-09-19,1957-09-24,0.59,0.26
eisenhower,1957-08-29,1957-09-04,0.59,0.23
eisenhower,1957-08-08,1957-08-13,0.63,0.2
eisenhower,1957-07-18,1957-07-23,0.65,0.22
eisenhower,1957-06-27,1957-07-02,0.63,0.23
eisenhower,1957-06-06,1957-06-11,0.64,0.22
eisenhower,1957-05-17,1957-05-22,0.62,0.23
eisenhower,1957-04-25,1957-04-30,0.64,0.23
eisenhower,1957-04-06,1957-04-11,0.67,0.21
eisenhower,1957-03-15,1957-03-20,0.65,0.2
eisenhower,1957-02-28,1957-03-05,0.72,0.17
eisenhower,1957-02-07,1957-02-12,0.72,0.16
eisenhower,1957-01-17,1957-01-22,0.73,0.14
eisenhower,1956-12-14,1956-12-19,0.79,0.11
eisenhower,1956-11-22,1956-11-27,0.75,0.15
eisenhower,1956-08-03,1956-08-08,0.68,0.19
eisenhower,1956-07-12,1956-07-17,0.7,0.2
eisenhower,1956-06-15,1956-06-20,0.73,0.18
eisenhower,1956-05-31,1956-06-05,0.71,0.19
eisenhower,1956-05-10,1956-05-15,0.69,0.17
eisenhower,1956-04-19,1956-04-24,0.69,0.19
eisenhower,1956-03-29,1956-04-03,0.73,0.17
eisenhower,1956-03-08,1956-03-13,0.72,0.18
eisenhower,1956-02-16,1956-02-21,0.75,0.15
eisenhower,1956-01-26,1956-01-31,0.77,0.14
eisenhower,1956-01-06,1956-01-11,0.76,0.12
eisenhower,1955-12-08,1955-12-13,0.75,0.13
eisenhower,1955-11-17,1955-11-22,0.78,0.13
eisenhower,1955-09-15,1955-09-20,0.71,0.16
eisenhower,1955-08-25,1955-08-30,0.71,0.16
eisenhower,1955-08-04,1955-08-09,0.76,0.11
eisenhower,1955-07-14,1955-07-19,0.72,0.18
eisenhower,1955-06-24,1955-06-29,0.67,0.15
eisenhower,1955-06-03,1955-06-08,0.7,0.16
eisenhower,1955-05-12,1955-05-17,0.68,0.16
eisenhower,1955-04-14,1955-04-19,0.7,0.14
eisenhower,1955-03-24,1955-03-29,0.66,0.21
eisenhower,1955-03-03,1955-03-08,0.71,0.17
eisenhower,1955-02-10,1955-02-15,0.73,0.15
eisenhower,1955-01-20,1955-01-25,0.7,0.17
eisenhower,1954-12-31,1955-01-05,0.7,0.18
eisenhower,1954-12-02,1954-12-07,0.69,0.23
eisenhower,1954-11-11,1954-11-16,0.57,0.23
eisenhower,1954-10-15,1954-10-20,0.61,0.26
eisenhower,1954-09-16,1954-09-21,0.66,0.21
eisenhower,1954-08-26,1954-08-31,0.63,0.24
eisenhower,1954-08-05,1954-08-10,0.67,0.19
eisenhower,1954-07-16,1954-07-21,0.75,0.2
eisenhower,1954-07-02,1954-07-07,0.65,0.21
eisenhower,1954-06-12,1954-06-17,0.62,0.24
eisenhower,1954-05-21,1954-05-26,0.61,0.24
eisenhower,1954-05-02,1954-05-07,0.6,0.22
eisenhower,1954-04-08,1954-04-13,0.68,0.21
eisenhower,1954-03-19,1954-03-24,0.66,0.22
eisenhower,1954-02-25,1954-03-02,0.67,0.21
eisenhower,1954-01-28,1954-02-02,0.7,0.17
eisenhower,1954-01-09,1954-01-14,0.71,0.19
eisenhower,1953-12-11,1953-12-16,0.69,0.22
eisenhower,1953-11-19,1953-11-24,0.59,0.25
eisenhower,1953-11-01,1953-11-05,0.61,0.26
eisenhower,1953-10-09,1953-10-14,0.65,0.19
eisenhower,1953-09-12,1953-09-17,0.61,0.2
eisenhower,1953-08-15,1953-08-20,0.74,0.14
eisenhower,1953-07-25,1953-07-30,0.73,0.13
eisenhower,1953-07-04,1953-07-09,0.69,0.15
eisenhower,1953-05-09,1953-05-14,0.74,0.1
eisenhower,1953-04-19,1953-04-24,0.73,0.1
eisenhower,1953-03-28,1953-04-02,0.74,0.08
eisenhower,1953-02-22,1953-02-27,0.67,0.08
eisenhower,1953-02-01,1953-02-05,0.68,0.07
truman,1952-12-11,1952-12-16,0.32,0.56
truman,1952-10-09,1952-10-14,0.32,0.55
truman,1952-10-05,1952-10-10,0.31,0.57
truman,1952-10-03,1952-10-08,0.33,0.55
truman,1952-07-13,1952-07-18,0.29,0.59
truman,1952-06-15,1952-06-20,0.32,0.58
truman,1952-05-30,1952-06-04,0.31,0.59
truman,1952-05-11,1952-05-16,0.27,0.6
truman,1952-04-13,1952-04-18,0.28,0.59
truman,1952-02-09,1952-02-14,0.22,0.64
truman,1952-01-20,1952-01-25,0.25,0.62
truman,1952-01-06,1952-01-11,0.23,0.67
truman,1951-11-11,1951-11-16,0.23,0.61
truman,1951-10-14,1951-10-19,0.29,0.55
truman,1951-09-21,1951-09-26,0.32,0.54
truman,1951-08-03,1951-08-08,0.31,0.57
truman,1951-07-08,1951-07-13,0.29,0.54
truman,1951-06-16,1951-06-21,0.25,0.59
truman,1951-05-19,1951-05-24,0.24,0.63
truman,1951-04-16,1951-04-21,0.24,0.54
truman,1951-03-26,1951-03-31,0.28,0.57
truman,1951-03-04,1951-03-09,0.27,0.59
truman,1951-02-04,1951-02-09,0.26,0.6
truman,1951-01-01,1951-01-05,0.36,0.49
truman,1950-12-03,1950-12-08,0.33,0.53
truman,1950-10-22,1950-10-27,0.39,0.46
truman,1950-10-20,1950-10-25,0.41,0.46
truman,1950-10-08,1950-10-13,0.43,0.36
truman,1950-10-01,1950-10-06,0.35,0.5
truman,1950-09-17,1950-09-22,0.35,0.47
truman,1950-08-20,1950-08-25,0.43,0.32
truman,1950-07-30,1950-08-04,0.39,0.45
truman,1950-07-09,1950-07-14,0.46,0.4
truman,1950-06-04,1950-06-09,0.37,0.47
truman,1950-05-04,1950-05-09,0.41,0.38
truman,1950-02-26,1950-03-03,0.37,0.44
truman,1950-01-08,1950-01-13,0.45,0.4
truman,1949-09-28,1949-10-02,0.5,0.35
truman,1949-09-25,1949-09-30,0.51,0.31
truman,1949-09-03,1949-09-08,0.45,0.38
truman,1949-06-11,1949-06-17,0.57,0.27
truman,1949-05-02,1949-05-08,0.51,0.32
truman,1949-03-06,1949-03-11,0.57,0.24
truman,1949-01-07,1949-01-12,0.69,0.17
truman,1948-06-18,1948-06-24,0.4,0.44
truman,1948-05-28,1948-06-02,0.39,0.47
truman,1948-04-09,1948-04-14,0.36,0.5
truman,1948-01-02,1948-01-07,0.53,0.32
truman,1947-11-28,1947-12-02,0.54,0.33
truman,1947-09-12,1947-09-17,0.55,0.29
truman,1947-07-04,1947-07-09,0.61,0.28
truman,1947-06-20,1947-06-25,0.55,0.31
truman,1947-05-23,1947-05-28,0.65,0.24
truman,1947-04-25,1947-04-30,0.57,0.25
truman,1947-03-28,1947-04-02,0.63,0.21
truman,1947-03-14,1947-03-19,0.6,0.23
truman,1947-01-17,1947-01-22,0.48,0.39
truman,1946-12-13,1946-12-18,0.35,0.47
truman,1946-11-15,1946-11-21,0.34,0.53
truman,1946-09-13,1946-09-18,0.33,0.52
truman,1946-06-14,1946-06-19,0.43,0.45
truman,1946-06-01,1946-06-06,0.45,0.42
truman,1946-03-29,1946-04-03,0.51,0.33
truman,1946-02-28,1946-03-05,0.49,0.38
truman,1946-01-05,1946-01-10,0.63,0.22
truman,1945-11-02,1945-11-07,0.75,0.14
truman,1945-10-05,1945-10-10,0.82,0.09
truman,1945-06-01,1945-06-05,0.87,0.03
roosevelt,1943-12-15,1943-12-15,0.65,0.23
roosevelt,1943-03-24,1943-03-24,0.71,0.19
roosevelt,1943-01-27,1943-01-27,0.75,0.16
roosevelt,1943-01-07,1943-01-07,0.75,0.14
roosevelt,1942-11-17,1942-11-17,0.72,0.18
roosevelt,1942-09-03,1942-09-03,0.74,0.18
roosevelt,1942-08-13,1942-08-13,0.74,0.16
roosevelt,1942-07-01,1942-07-01,0.79,0.12
roosevelt,1942-06-09,1942-06-09,0.77,0.15
roosevelt,1942-03-12,1942-03-17,0.75,0.14
roosevelt,1942-03-12,1942-03-17,0.74,0.15
roosevelt,1942-02-23,1942-02-28,0.78,0.13
roosevelt,1942-01-23,1942-01-23,0.83,0.1
roosevelt,1941-09-17,1941-09-17,0.7,0.24
roosevelt,1941-09-09,1941-09-09,0.7,0.23
roosevelt,1941-08-26,1941-08-26,0.67,0.24
roosevelt,1941-08-19,1941-08-19,0.65,0.26
roosevelt,1941-08-05,1941-08-05,0.68,0.23
roosevelt,1941-07-29,1941-07-29,0.65,0.25
roosevelt,1941-07-22,1941-07-22,0.69,0.24
